date,n,pct_below_ma5,pct_down3,pct_above_ma10,pct_rsi_lt30,pct_rsi_lt35,pct_rsi_lt40,pct_rsi_lt45,pct_k_lt20,pct_k_lt25,pct_k_lt30,turnover_med,turnover_rel5,idx_close,idx_ret,idx_up,idx_new10high,idx_5d_low
2025-02-20,5345,0.0190832553788587,0.0336763330215154,0.0209541627689429,0.0340505144995322,0.0359214218896164,0.0372310570626754,0.0385406922357343,0.0029934518241347,0.0061739943872778,0.0076707202993451,9445787.0,0.9144578661540012,3350.783,-0.0002255680151715,False,False,False
2025-02-21,5347,0.021881428838601,0.0168318683373854,0.0228165326351225,0.409388442117075,0.4106975874322049,0.4123807742659435,0.4149990648962035,0.0024312698709556,0.004675518982607,0.0061716850570413,10799624.0,1.0401075084845148,3379.113,0.0084547402801076,True,True,False
2025-02-24,5344,0.0217065868263473,0.0370508982035928,0.0254491017964071,0.3847305389221557,0.3961452095808383,0.405688622754491,0.4152320359281437,0.0024326347305389,0.0044910179640718,0.0052395209580838,11000119.0,1.0243086389563325,3373.028,-0.0018007684265072,False,False,False
2025-02-25,5342,0.0604642456008985,0.5290153500561587,0.0248970423062523,0.3850617746162486,0.4009734181954324,0.4127667540247098,0.4239985024335455,0.0058030700112317,0.0084238113066267,0.010108573567952,9561059.0,0.8790627000542568,3346.04,-0.0080011194689163,False,False,True
2025-02-26,5343,0.3301516002245929,0.3894815646640464,0.0445442635223657,0.3211678832116788,0.3479318734793187,0.3688938798427849,0.3885457608085345,0.0046790192775594,0.0072992700729927,0.0091708777840164,10188373.0,0.9842586974591696,3380.214,0.0102132670260965,True,True,False
2025-02-27,5341,0.4270735817262684,0.4433626661673844,0.0421269425201273,0.2967609061973413,0.3315858453473132,0.3594832428384197,0.3855083317730762,0.0039318479685452,0.0076764650814454,0.0097360044935405,10863888.0,1.0651922831122025,3388.062,0.0023217464929734,True,True,False
2025-02-28,5342,0.7931486334706103,0.6770872332459753,0.0207787345563459,0.3416323474354174,0.3764507675028079,0.4105204043429427,0.4414077124672407,0.0142268813178584,0.0183451890677648,0.0232122800449269,10596882.5,1.010900898884692,3320.897,-0.0198240173881115,False,False,True
2025-03-03,5340,0.7226591760299625,0.7586142322097378,0.0239700374531835,0.298876404494382,0.3436329588014981,0.3801498127340824,0.4187265917602996,0.0282771535580524,0.0378277153558052,0.046067415730337,9649009.0,0.9240518658748348,3316.925,-0.0011960623891676,False,False,True
2025-03-04,5342,0.531074503931112,0.675215275177836,0.0518532384874578,0.2411081991763384,0.2940846125046799,0.3356420816173717,0.3757019842755522,0.1594908274054661,0.2416697865967802,0.3230999625608386,8448166.0,0.8305443351200991,3324.21,0.0021963113425838,True,False,True
2025-03-05,5341,0.4744429882044561,0.2859015165699307,0.4343755850964239,0.2359108781127129,0.290582287961056,0.3323347687698932,0.3812020220932409,0.1471634525369781,0.2325407227111028,0.3192286088747426,8752021.0,0.8796651957269964,3341.965,0.0053411186417224,True,False,False
2025-03-06,5339,0.1781232440531935,0.1979771492788911,0.6636074171193107,0.1801835549728413,0.2363738527814197,0.2884435287507024,0.3380782918149466,0.0711743772241993,0.1408503465068364,0.2236373852781419,10398315.0,1.076208053259569,3381.098,0.0117095780476454,True,False,False
2025-03-07,5339,0.406443154148717,0.4171193107323468,0.5369919460573142,0.1841168758194418,0.2412436785914965,0.295373665480427,0.3408878067053755,0.0754823000561903,0.1387900355871886,0.2153961415995504,10098329.0,1.0553304432629085,3372.546,-0.0025293558483072,False,False,False
2025-03-10,5339,0.3905225697696198,0.3148529687207342,0.6134107510769807,0.1434725604045701,0.2045326840232253,0.2586626709121558,0.3135418617718674,0.0694886682899419,0.1299868889305113,0.194980333395767,9076102.0,0.9584899116796743,3366.163,-0.0018926354154991,False,False,False
2025-03-11,5342,0.3953575439910146,0.4782852864095844,0.6381505054286783,0.1228004492699363,0.1748408835642081,0.2347435417446649,0.2955821789591913,0.0606514414077124,0.115874204417821,0.1830774990640209,8797827.0,0.9404827146503728,3379.828,0.0040595182110907,True,False,False
2025-03-12,5342,0.3966679146387121,0.3296518157993261,0.6956196181205541,0.1048296518157993,0.1578060651441407,0.2203294646199925,0.2836016473230999,0.0524148259078996,0.0964058405091726,0.1514414077124672,9718183.5,1.0311596492332318,3371.924,-0.0023385805431519,False,False,True
2025-03-13,5343,0.6015347183230395,0.5584877409694928,0.5264832491109863,0.1104248549504024,0.1714392663297772,0.2376941793000187,0.3071308253790005,0.066067752199139,0.1240875912408759,0.183230394909227,9903900.0,1.0297521417506397,3358.729,-0.0039131961455833,False,False,True
2025-03-14,5343,0.3282799925135691,0.3771289537712895,0.7276810780460415,0.0492232827999251,0.0885270447314243,0.1422421860378064,0.2167321729365525,0.0282612764364589,0.066067752199139,0.1184727681078046,11117703.0,1.1679647884192284,3419.562,0.0181119107853,True,True,False
2025-03-17,5343,0.2886019090398652,0.3475575519371139,0.7374134381433651,0.0368706719071682,0.0720568968744151,0.1220288227587497,0.1856634849335579,0.0183417555680329,0.0471645143177989,0.0932060640089837,10208068.0,1.0499164582472615,3426.129,0.0019204213873005,True,True,False
2025-03-18,5348,0.2546746447270007,0.1757666417352281,0.7539267015706806,0.0306656694091249,0.0643231114435303,0.1097606581899775,0.1701570680628272,0.0179506357516828,0.044315632011967,0.0792819745699326,9361717.5,0.9409578095738822,3429.759,0.0010595047647068,True,True,False
2025-03-19,5344,0.467814371257485,0.4889595808383233,0.6177020958083832,0.031062874251497,0.0653068862275449,0.1160179640718562,0.1921781437125748,0.0333083832335329,0.0686751497005988,0.1145209580838323,8748344.5,0.8694512944773213,3426.429,-0.0009709136997672,False,False,False
2025-03-20,5346,0.6127946127946128,0.6041900486344931,0.5501309390198279,0.0312383090160867,0.0654695099139543,0.120463898241676,0.1988402543958099,0.0609801720912832,0.1073699962588851,0.1533857089412645,8691364.5,0.8807672814119201,3408.948,-0.0051018129953955,False,False,True
2025-03-21,5347,0.7909107910978118,0.781746773891902,0.332709930802319,0.0465681690667664,0.0970637740789227,0.1765475967832429,0.2786609313633813,0.1221245558256966,0.1903871329717598,0.2549092949317374,9643885.0,1.0019163280803958,3364.831,-0.0129415291755696,False,False,True
2025-03-24,5347,0.829998129792407,0.8198990087899757,0.2259210772395735,0.0757434075182345,0.152795960351599,0.245371236207219,0.3699270619038713,0.1406396109968206,0.2298485131849635,0.3218627267626706,10410344.0,1.115711671005527,3370.028,0.0015445055041396,True,False,True
2025-03-25,5350,0.7519626168224299,0.7745794392523364,0.2506542056074766,0.0715887850467289,0.136822429906542,0.2390654205607476,0.3613084112149533,0.1758878504672897,0.2889719626168224,0.3975700934579439,8066334.5,0.8607642358135402,3369.976,-1.5430138859295894e-05,False,False,True
2025-03-26,5351,0.6023173238646982,0.6023173238646982,0.3150812932162212,0.0399925247617267,0.086899644926182,0.171556718370398,0.2896654830872734,0.1975331713698374,0.3156419360867127,0.4230984862642497,7670572.0,0.8418048860440859,3368.697,-0.0003795279254213,False,False,True
2025-03-27,5353,0.589575938725948,0.4731926022790958,0.2800298897814309,0.0386699047263216,0.0928451335699607,0.1825144778628806,0.3140295161591631,0.2275359611432841,0.3437324864561928,0.4477862880627685,8068398.0,0.9069182262687574,3373.749,0.0014996896426124,True,False,True
2025-03-28,5353,0.7612553708201009,0.6755090603399962,0.1724266766299271,0.0582850737903979,0.1404819727255744,0.2559312535027088,0.418456940033626,0.3308425182140855,0.4378852979637586,0.533158976274986,7805907.0,0.8898757438904361,3351.307,-0.0066519471365534,False,False,True
2025-03-31,5355,0.8237161531279178,0.8248366013071895,0.1363211951447245,0.0868347338935574,0.1927170868347339,0.3488328664799253,0.5129785247432306,0.3874883286647992,0.5135387488328664,0.6085901027077497,8332261.0,0.9914270070273816,3335.746,-0.0046432630612474,False,False,True
2025-04-01,5356,0.6368558625840179,0.7109783420463032,0.2664301717699776,0.0491038088125466,0.1168782673637042,0.2352501867064974,0.40067214339059,0.3573562359970127,0.4802091112770724,0.5778566094100075,7769198.5,0.9725241715026154,3348.435,0.0038039467033761,True,False,True
2025-04-02,5358,0.5274356103023516,0.4893617021276595,0.3073908174692049,0.0423665546845838,0.1060097051138484,0.2235908921239268,0.3844718178424785,0.2978723404255319,0.4303844718178424,0.5453527435610303,6387247.0,0.8055280214856674,3350.127,0.0005053106899193,True,False,True
2025-04-03,5358,0.5227696901829041,0.3956700261291527,0.3221351250466592,0.0530048525569242,0.1194475550578574,0.2433743934303844,0.4148936170212766,0.2877939529675252,0.4091078760731616,0.5059723777528928,7546919.5,0.983619273476484,3342.008,-0.0024234902139531,False,False,True
2025-04-07,5356,0.969006721433906,0.9635922330097088,0.0407020164301717,0.4757281553398058,0.6768110530246453,0.8026512322628827,0.8786407766990292,0.4626587005227782,0.5840179238237491,0.6719566840926064,11137905.0,1.4716508710151883,3096.576,-0.073438483690045,False,False,True
2025-04-08,5356,0.9184092606422704,0.9318521284540702,0.0761762509335324,0.3709858103061986,0.5655339805825242,0.7322628827483196,0.8383121732636296,0.488050784167289,0.6170649738610904,0.7190067214339059,12756481.0,1.54911185538107,3145.549,0.0158152100901123,True,False,False
2025-04-09,5359,0.7980966598245941,0.9048329912297072,0.1358462399701437,0.2186975181936928,0.4045530882627355,0.6044038066803508,0.7514461653293525,0.2830752005971263,0.4696771785780929,0.6232506064564285,13157979.0,1.442832015991315,3186.81,0.013117265062474,True,False,False
2025-04-10,5359,0.3597686135473036,0.1740996454562418,0.2071281955588729,0.0772532188841201,0.2256017913789886,0.4482179511102818,0.653853330845307,0.0565403993282328,0.195185668968091,0.3983952229893637,11554274.0,1.1330711915557543,3223.638,0.0115563839701771,True,False,False
2025-04-11,5359,0.0679231199850718,0.0742675872364247,0.2765441313677925,0.0492629221869751,0.1746594513901847,0.3883187161783915,0.6103750699757418,0.010636312744915,0.049822728120918,0.1548796417242022,9113362.0,0.8114678965536976,3238.227,0.0045256322204911,True,False,False
2025-04-14,5358,0.0621500559910414,0.0727883538633818,0.4678984695782008,0.0166106756252332,0.0726017170586039,0.2467338559163867,0.4983202687569988,0.003732736095558,0.0167973124300112,0.0531914893617021,8772403.5,0.7599101999322557,3262.808,0.0075908822945396,True,False,False
2025-04-15,5357,0.1659510920291207,0.194885196938585,0.5488146350569348,0.0169871196565241,0.0757886876983386,0.2346462572335262,0.4776927384730259,0.0037334328915437,0.0113869703192085,0.0294941198431958,7368133.0,0.6655405673029344,3267.662,0.0014876756462531,True,False,False
2025-04-16,5361,0.6515575452340981,0.5008393956351427,0.4277187091960455,0.030031710501772,0.1247901510912143,0.3290430889759373,0.5653795933594479,0.0059690356276814,0.0147360567058384,0.0337623577690729,7872000.0,0.7877332717930057,3276.004,0.0025528956177229,True,False,False
2025-04-17,5361,0.5771311322514456,0.6543555306845737,0.6411117328856557,0.0253684014176459,0.1044581234844245,0.2797985450475657,0.5155754523409811,0.0055959709009513,0.0111919418019026,0.0240626748740906,7045390.0,0.7884246642064777,3280.341,0.0013238689574248,True,False,False
2025-04-18,5360,0.6246268656716418,0.6835820895522388,0.766044776119403,0.0225746268656716,0.0919776119402985,0.2632462686567164,0.5100746268656716,0.0070895522388059,0.0130597014925373,0.0255597014925373,6432480.0,0.8006315256728695,3276.73,-0.0011008001911996,False,False,True
2025-04-21,5362,0.2409548675867213,0.2157776948899664,0.8343901529280119,0.010443864229765,0.0365535248041775,0.144722118612458,0.3746736292428198,0.0095113763521074,0.0175307720999627,0.0279746363297277,7213666.0,0.962068256048384,3291.434,0.0044874005487178,True,True,False
2025-04-22,5359,0.2560179137898862,0.2631087889531629,0.759656652360515,0.0128755364806866,0.0403060272438887,0.1455495428251539,0.3593954095913416,0.0139951483485724,0.0261242769173353,0.0404926292218697,7666872.0,1.0668683383452071,3299.757,0.0025286850655368,True,True,False
2025-04-23,5360,0.2783582089552239,0.2222014925373134,0.7496268656716418,0.0083955223880597,0.0231343283582089,0.0886194029850746,0.2716417910447761,0.0225746268656716,0.0382462686567164,0.0587686567164179,8221800.0,1.1346546249216958,3296.355,-0.001030985008896,False,False,False
2025-04-24,5362,0.5203282357329355,0.5294666169339799,0.5650876538604999,0.0124953375606117,0.0386049981350242,0.1449086161879895,0.3612458038045505,0.0387914957105557,0.0667661320402834,0.1023871689668034,7934900.0,1.0845892401705317,3297.288,0.0002830399031656,True,False,False
2025-04-25,5361,0.5472859541130386,0.519306099608282,0.5666853199030032,0.0119380712553628,0.0356276814027233,0.1298265249020705,0.3355717216937138,0.0572654355530684,0.0994217496735683,0.1438164521544488,7658512.0,1.0219601866232353,3295.06,-0.0006757068233045,False,False,True
2025-04-28,5359,0.7329725695092368,0.7432356782981899,0.3905579399141631,0.0208994215338682,0.0716551595446911,0.2158984885239783,0.4730360141817503,0.0936741929464452,0.1532002239223736,0.2142190707221496,7831600.0,1.011945756316908,3288.415,-0.002016655235413,False,False,True
2025-04-29,5338,0.5713750468340202,0.5438366429374297,0.5046834020232297,0.0207943049831397,0.0590108654926938,0.1599850131135256,0.3750468340202323,0.1041588609966279,0.1669164481079056,0.2358561258898464,7565921.5,0.9622503833525244,3286.655,-0.0005352122527113,False,False,True
2025-04-30,5340,0.4029962546816479,0.4606741573033708,0.5734082397003746,0.0187265917602996,0.0507490636704119,0.1254681647940075,0.3058052434456929,0.1033707865168539,0.1584269662921348,0.2292134831460674,8080031.5,1.0302815920751864,3279.031,-0.0023196836905607,False,False,True
2025-05-06,5362,0.1523685192092503,0.1525550167847818,0.7767624020887729,0.0115628496829541,0.0236851920925027,0.0540842969041402,0.1348377471092876,0.0615441999254009,0.1010816859380828,0.1499440507273405,9188045.5,1.1758150201818665,3316.114,0.0113091337044388,True,True,False
2025-05-07,5364,0.0956375838926174,0.105145413870246,0.8182326621923938,0.0100671140939597,0.0188292319164802,0.041014168530947,0.1029082774049217,0.0413870246085011,0.0732662192393736,0.1070096942580164,9998073.0,1.2397140167543188,3342.665,0.0080066608084039,True,True,False
2025-05-08,5365,0.1006523765144454,0.0758620689655172,0.8525629077353215,0.0078285181733457,0.0165890027958993,0.0324324324324324,0.0784715750232991,0.0357875116495806,0.0590866728797763,0.0859273066169618,8607200.0,1.008727061851674,3351.996,0.0027914852370787,True,True,False
2025-05-09,5365,0.3897483690587139,0.4225535880708294,0.7649580615097856,0.0074557315936626,0.0180801491146318,0.0449207828518173,0.1239515377446412,0.0389561975768872,0.0633737185461323,0.0917054986020503,8043564.0,0.9258401122127472,3341.999,-0.0029824021269716,False,False,False
2025-05-12,5365,0.3071761416589003,0.3256290773532153,0.8344827586206897,0.0054054054054054,0.0124883504193849,0.0305684995340167,0.0887232059645852,0.0354147250698974,0.0616961789375582,0.0861136999068033,8523056.0,0.9703614420630738,3369.245,0.008152605671037,True,True,False
2025-05-13,5367,0.480715483510341,0.5722004844419601,0.8213154462455748,0.0059623625861747,0.0119247251723495,0.0294391652692379,0.0842183715297186,0.0327929942239612,0.0544065585988447,0.077510713620272,8487507.0,0.9566635219749008,3374.871,0.0016698102987464,True,True,False
2025-05-14,5367,0.5263648220607415,0.3456307061673188,0.7980249673933296,0.0052170672629029,0.0119247251723495,0.0296254891000558,0.087385876653624,0.0298118129308738,0.04844419601267,0.0674492267561021,7995640.0,0.9156836786579752,3403.948,0.0086157367200108,True,True,False
2025-05-15,5366,0.6751770406261648,0.6738725307491614,0.5430488259411107,0.0059634737234439,0.013790532985464,0.0447260529258293,0.1453596720089452,0.0393216548639582,0.0579575102497204,0.0860976518822213,7435871.0,0.8925122897209486,3380.821,-0.00679416959366,False,False,False
2025-05-16,5367,0.6241848332401714,0.6126327557294577,0.5233836407676542,0.0065213340786286,0.0150922302962548,0.048257872181852,0.1494317123160052,0.0478852245202161,0.0806782187441773,0.1224147568474007,7294701.0,0.9008998450265252,3367.462,-0.0039514070694662,False,False,True
2025-05-19,5364,0.4120059656972408,0.4647651006711409,0.5950782997762863,0.0057792692020879,0.0149142431021625,0.0391498881431767,0.1226696495152871,0.0482848620432513,0.0859433258762117,0.1344146159582401,7911291.5,0.9954622009461008,3367.583,3.593210554431181e-05,True,False,True
2025-05-20,5370,0.280633147113594,0.2303538175046555,0.686219739292365,0.0055865921787709,0.0121042830540037,0.0324022346368715,0.0912476722532588,0.0376163873370577,0.0782122905027933,0.1322160148975791,8378218.0,1.070698498598486,3380.478,0.0038291558069987,True,False,True
2025-05-21,5366,0.3999254565784569,0.32445024226612,0.5775251584047708,0.0059634737234439,0.0150950428624673,0.0398807305255311,0.11833768169959,0.0594483786805814,0.1147968691762952,0.1789042117033172,7865306.0,1.0079662374050933,3387.574,0.0020991114274371,True,False,False
2025-05-22,5363,0.7646839455528622,0.7104232705575237,0.3425321648331157,0.0087637516315495,0.0216296848778668,0.0743986574678351,0.2121946671639008,0.1301510348685437,0.1983964199142271,0.2718627633787059,7859894.0,1.0106487944861036,3380.189,-0.002180026178026,False,False,True
2025-05-23,5365,0.8460391425908668,0.8488350419384902,0.2266542404473439,0.0104380242311276,0.0346691519105312,0.12618825722274,0.3336439888164026,0.2320596458527493,0.3250698974836906,0.4095060577819198,8092748.0,1.0293652203204624,3348.372,-0.0094127872731376,False,False,True
2025-05-26,5362,0.7588586348377471,0.804177545691906,0.3013800820589332,0.0121223424095486,0.0283476314807907,0.0951137635210742,0.2534502051473331,0.2297650130548303,0.3377471092875793,0.4373368146214099,6773050.0,0.8443629217833117,3346.839,-0.0004578344341668,False,False,True
2025-05-27,5362,0.5863483774710929,0.5617306975009325,0.3683327116747482,0.016225289071242,0.0404699738903394,0.1124580380455054,0.2780678851174935,0.2400223797090638,0.3466989929130921,0.4429317418873554,6934467.5,0.8897365936230279,3340.687,-0.0018381523580907,False,False,True
2025-05-28,5360,0.6167910447761195,0.455410447761194,0.3151119402985075,0.0175373134328358,0.0505597014925373,0.1421641791044776,0.3220149253731343,0.2914179104477612,0.3949626865671641,0.485820895522388,6772548.5,0.902393669173804,3339.932,-0.0002260014182712,False,False,True
2025-05-29,5363,0.2328920380384113,0.3125116539250419,0.5575237740070856,0.0137982472496736,0.0287152713033749,0.0669401454409845,0.174529181428305,0.1782584374417303,0.2864068618310647,0.3829945925787805,8214247.0,1.127317656431139,3363.446,0.0070402630951769,True,False,False
2025-05-30,5362,0.6135770234986945,0.5593062290190227,0.3450205147333084,0.0201417381574039,0.0436404326743752,0.1201044386422976,0.2905632226781052,0.2344274524431182,0.3299142111152555,0.4132786273778441,7984700.0,1.0852592980994051,3347.487,-0.004744836099643,False,False,True
2025-06-03,5358,0.5020530048525569,0.40836132885405,0.4533407988055244,0.0201567749160134,0.0464725643896976,0.1114221724524076,0.2629712579320642,0.2293766330720418,0.3198954833893244,0.3971631205673759,7800946.0,1.063407295065437,3361.976,0.0043283215140192,True,False,False
2025-06-04,5364,0.302572706935123,0.4901193139448173,0.6236017897091722,0.0167785234899328,0.0343027591349739,0.0745712155108128,0.1877330350484713,0.1627516778523489,0.2451528709917971,0.3176733780760626,7721527.5,1.0238876249442774,3376.203,0.0042317375257883,True,False,False
2025-06-05,5367,0.3525246879075834,0.2302962548910005,0.6882802310415502,0.0150922302962548,0.0322340227315073,0.0642817216321967,0.1520402459474567,0.092043972424073,0.1596795230109931,0.2230296254891,8481380.0,1.1016504949125927,3384.099,0.0023387219311161,True,True,False
2025-06-06,5368,0.3539493293591654,0.3250745156482861,0.6756706408345753,0.0169523099850968,0.034090909090909,0.0711624441132637,0.165983606557377,0.0821535022354694,0.1274217585692995,0.1788375558867362,7610700.0,0.946538537781715,3385.358,0.0003720340332833,True,True,False
2025-06-09,5364,0.2362043251304996,0.296979865771812,0.7641685309470544,0.0167785234899328,0.0318791946308724,0.0594705443698732,0.1293810589112602,0.0658090976882923,0.1006711409395973,0.1403803131991051,8516786.0,1.0753720395259472,3399.772,0.004257747629645,True,True,False
2025-06-10,5370,0.5748603351955307,0.4983240223463687,0.5813780260707635,0.0206703910614525,0.0409683426443202,0.0899441340782122,0.2046554934823091,0.0705772811918063,0.1124767225325884,0.1558659217877095,9717686.5,1.210735378020462,3384.816,-0.0043991185291248,False,False,True
2025-06-11,5373,0.4550530429927414,0.4170854271356783,0.6502884794342081,0.0178671133445002,0.0333147217569328,0.0703517587939698,0.1663874930206588,0.0638377070537874,0.1055276381909547,0.1520565791922576,8002692.0,0.9516120593377868,3402.316,0.0051701480966763,True,True,False
2025-06-12,5373,0.5090266145542528,0.5966871394007073,0.5855201935603945,0.0178671133445002,0.0374092685650474,0.086357714498418,0.1905825423413363,0.0712823376139959,0.1219058254234133,0.1706681555927787,8208940.0,0.9696534980679846,3402.658,0.0001005197635963,True,True,False
2025-06-13,5372,0.7879746835443038,0.7053239017125837,0.3060312732688012,0.0268056589724497,0.0618019359642591,0.163440059568131,0.340282948622487,0.1187639612807148,0.1868950111690245,0.2483246463142218,9905049.0,1.1775798372888744,3376.996,-0.0075417511839273,False,False,True
2025-06-16,5374,0.6743580200967622,0.7106438407145516,0.3736509117975437,0.0240044659471529,0.0574990695943431,0.1356531447711202,0.2852623743952363,0.1300707108299218,0.210271678451805,0.2928917007815407,7593383.0,0.8560524812505723,3388.729,0.0034743896646605,True,False,True
2025-06-17,5379,0.6560699014686745,0.7144450641383157,0.354712771890686,0.0256553262688232,0.0606060606060606,0.1405465699944227,0.2896449154117865,0.1507715188696783,0.2511619260085517,0.3428146495631158,7477361.0,0.8608966517848996,3387.405,-0.0003907069582724,False,False,True
2025-06-18,5379,0.6707566462167689,0.5207287599925636,0.3080498233872467,0.0282580405279791,0.0676705707380554,0.1693623350065068,0.3474623535973229,0.202268079568693,0.3158579661647146,0.4220115263060048,7218740.0,0.8763281511286515,3388.809,0.0004144765683464,True,False,True
2025-06-19,5378,0.8159166976571216,0.8008553365563407,0.1866865005578281,0.0407214577910003,0.1178876905912978,0.2988099665303086,0.5410933432502789,0.3352547415396058,0.4557456303458534,0.5451840833023429,8409900.5,1.040739802244228,3362.108,-0.0078791693482872,False,False,True
2025-06-20,5379,0.846811675032534,0.8414203383528537,0.1591373861312511,0.0472206729875441,0.1431492842535787,0.3500650678564789,0.5967651979921919,0.4536159137386131,0.5662762595277933,0.6460308607547871,6877600.0,0.846902592545713,3359.895,-0.0006582179989459,False,False,True
2025-06-23,5374,0.5896911053219204,0.7186453293636025,0.2835876442128768,0.0362858206177893,0.0926684034238928,0.2100855973204317,0.4155191663565314,0.3487160401935243,0.4841831038332713,0.5971343505768515,7138648.5,0.9498697933039304,3381.582,0.0064546659940265,True,False,False
2025-06-24,5377,0.1419006881160498,0.1424586200483541,0.607773851590106,0.0139482983076064,0.0349637344244002,0.0795982890087409,0.1915566300911289,0.1106564999070113,0.2283801376232099,0.347033661893249,8975338.0,1.2088892779936562,3420.566,0.0115283320055523,True,True,False
2025-06-25,5377,0.0978240654640133,0.0807141528733494,0.7450251069369537,0.0104147294030128,0.0245490050213873,0.0543053747442811,0.1335317091314859,0.0580249209596429,0.1158638646085177,0.1891389250511437,9425600.0,1.2202931898872578,3455.974,0.0103515032307519,True,True,False
2025-06-26,5380,0.208364312267658,0.1669144981412639,0.708364312267658,0.0115241635687732,0.0308550185873605,0.0719330855018587,0.1821561338289963,0.0591078066914498,0.103903345724907,0.1477695167286245,9014859.5,1.1040292318675589,3448.453,-0.0021762316498908,False,False,False
2025-06-27,5377,0.2546029384415101,0.3340152501394829,0.7619490422168496,0.0119025478891575,0.0252929142644597,0.0652780360795982,0.1577087595313371,0.0550492839873535,0.0931746326948112,0.1299981402268923,8550074.0,1.0318189451710882,3424.227,-0.0070251791165487,False,False,False
2025-06-30,5375,0.2176744186046511,0.3026976744186047,0.8472558139534884,0.0093023255813953,0.0212093023255813,0.0513488372093023,0.1196279069767441,0.0364651162790697,0.064,0.0887441860465116,9010508.0,1.0451929403227318,3444.426,0.0058988495797738,True,False,False
2025-07-01,5376,0.2838541666666667,0.2373511904761904,0.8673735119047619,0.0081845238095238,0.01953125,0.0453869047619047,0.1090029761904761,0.0241815476190476,0.0412946428571428,0.060453869047619,9038670.0,1.0048240988361457,3457.747,0.0038674078061191,True,True,False
2025-07-02,5375,0.4386976744186046,0.3575813953488372,0.780093023255814,0.0085581395348837,0.0225116279069767,0.0481860465116279,0.1181395348837209,0.0236279069767441,0.0360930232558139,0.0530232558139534,8855091.0,0.9830314965494394,3454.792,-0.0008546027225242,False,False,False
2025-07-03,5375,0.4057674418604651,0.4558139534883721,0.7914418604651163,0.0076279069767441,0.0193488372093023,0.045953488372093,0.105860465116279,0.0217674418604651,0.0373953488372093,0.0541395348837209,8007229.0,0.9003117382192766,3461.151,0.0018406317949097,True,True,False
2025-07-04,5377,0.6927654826111215,0.6609633624697787,0.5335689045936396,0.0100427747814766,0.0241770503998512,0.0623023991073089,0.1588246233959457,0.0310582108982704,0.0490980100427747,0.0784824251441324,8743128.0,1.0058458078782793,3472.319,0.0032266722832954,True,True,False
2025-07-07,5376,0.56640625,0.5284598214285714,0.5476190476190477,0.0113467261904761,0.025297619047619,0.0656622023809523,0.1525297619047619,0.0360863095238095,0.0680803571428571,0.1138392857142857,7390221.0,0.8464419097302541,3473.127,0.0002326975142548,True,True,False
2025-07-08,5375,0.2613953488372093,0.3916279069767442,0.6978604651162791,0.0072558139534883,0.0171162790697674,0.0433488372093023,0.1015813953488372,0.0355348837209302,0.0686511627906976,0.1213023255813953,8784541.0,1.0449243652909588,3497.475,0.0070103972587238,True,True,False
2025-07-09,5378,0.4077724060989215,0.2856080327259204,0.6188174042394943,0.0076236519152101,0.0197099293417627,0.0455559687616214,0.114540721457791,0.0541093343250278,0.1056154704351059,0.1662328002975083,9196471.0,1.1005774025549415,3493.05,-0.0012651984646064,False,False,False
2025-07-10,5378,0.3743027147638527,0.3289326887318706,0.6095202677575307,0.008925251022685,0.0208255857195983,0.0520639642989959,0.1236519152101152,0.0803272592041651,0.1377835626626999,0.1948679806619561,8576050.5,1.0180112502875605,3509.682,0.0047614548889938,True,True,False
2025-07-11,5382,0.3903753251579338,0.4741731698253437,0.6311780007432182,0.0081753994797473,0.0165366034931252,0.0418060200668896,0.103307320698625,0.0735785953177257,0.1304347826086956,0.1924934968413229,9416344.0,1.1028640471174656,3510.177,0.0001410384188653,True,True,False
2025-07-14,5380,0.3667286245353159,0.3260223048327137,0.6931226765799257,0.0078066914498141,0.0154275092936802,0.0377323420074349,0.0934944237918215,0.0674721189591078,0.1157992565055762,0.1691449814126394,8753194.5,1.009278398122943,3519.65,0.0026987243093439,True,True,False
2025-07-15,5381,0.622560862293254,0.571640958929567,0.4857833116521092,0.0089202750418137,0.0250882735551012,0.063185281546181,0.1644675710834417,0.0834417394536331,0.1377067459580003,0.1917859133989964,10204302.0,1.1407419490696376,3504.999,-0.0041626298069411,False,False,True
2025-07-16,5381,0.5459951681843523,0.539304961902992,0.5448801338041256,0.0079910797249581,0.0204422969708232,0.0485039955398624,0.1287864709161865,0.0834417394536331,0.1358483553242891,0.1982902806169857,8538644.0,0.9251697891157704,3503.777,-0.0003486448926233,False,False,True
2025-07-17,5382,0.4078409513192121,0.4927536231884058,0.6328502415458938,0.0072463768115942,0.0183946488294314,0.0431066518023039,0.1055369751021925,0.0570419918246005,0.1116685247120029,0.1778149386845039,8765719.5,0.9635086621277208,3516.826,0.00372426669848,True,False,True
2025-07-18,5381,0.3817134361642817,0.269652480951496,0.6201449544694295,0.0063185281546181,0.0172830328935142,0.0434863408288422,0.1107600817691878,0.0605835346589853,0.1174502880505482,0.1761754320758223,8863098.0,0.9701670845027094,3534.483,0.0050207203882137,True,True,False
2025-07-21,5382,0.1878483835005574,0.1902638424377555,0.778149386845039,0.0037160906726124,0.009290226681531,0.0267558528428093,0.0702341137123745,0.0492382014121144,0.0884429580081753,0.1300631735414344,10389478.5,1.1511898249301418,3559.791,0.0071603117061249,True,True,False
2025-07-22,5380,0.3314126394052044,0.3394052044609665,0.7395910780669145,0.0037174721189591,0.0096654275092936,0.0252788104089219,0.0806691449814126,0.0509293680297397,0.0845724907063197,0.1213754646840148,10938722.5,1.1696355819633704,3581.861,0.0061998021793974,True,True,False
2025-07-23,5384,0.5555349182763745,0.4580237741456166,0.5895245170876672,0.0035289747399702,0.0111441307578008,0.0354754829123328,0.112741456166419,0.0722511144130757,0.1086552748885587,0.1445022288261515,10579280.0,1.113710120371518,3582.298,0.0001220036176725,True,True,False
2025-07-24,5383,0.3447891510310236,0.4410180196916218,0.7336057960245217,0.0033438603009474,0.0091027308192457,0.0278655025078952,0.0750510867545978,0.0657625859186327,0.0982723388445104,0.1346832621214936,10242381.0,1.0338258317786906,3605.727,0.0065402152473077,True,True,False
2025-07-25,5385,0.4046425255338904,0.4323119777158774,0.7266480965645311,0.0033426183844011,0.0089136490250696,0.0267409470752089,0.0739090064995357,0.0609099350046425,0.0921077065923862,0.1270194986072423,10278934.0,1.0074826083410962,3593.655,-0.0033480072118603,False,False,False
2025-07-28,5386,0.3941700705532863,0.2797994801336799,0.7346825102116599,0.0035276643148904,0.0107686594875603,0.0326773115484589,0.0794652803564797,0.0521722985518009,0.0846639435573709,0.1201262532491645,9928090.5,0.9468165643170596,3597.937,0.001191544541699,True,False,True
2025-07-29,5390,0.4467532467532467,0.4782931354359925,0.6415584415584416,0.0048237476808905,0.0141001855287569,0.0402597402597402,0.1016697588126159,0.0517625231910946,0.087569573283859,0.1319109461966605,10524549.0,1.012610538512908,3609.711,0.0032724308402287,True,True,False
2025-07-30,5390,0.6469387755102041,0.6012987012987013,0.5040816326530613,0.0050092764378478,0.0159554730983302,0.046938775510204,0.1317254174397031,0.0712430426716141,0.1187384044526901,0.1784786641929499,10628287.5,1.0308070485858651,3615.717,0.0016638451111461,True,True,False
2025-07-31,5386,0.7989231340512439,0.7827701448199035,0.298923134051244,0.0077979948013367,0.0274786483475677,0.0924619383587077,0.2523208317861121,0.1260675826216115,0.1990345339769773,0.2764574823616784,10972775.0,1.063207195532318,3573.208,-0.0117567276421246,False,False,True
2025-08-01,5387,0.7163541860033413,0.7449415258956747,0.3534434750324856,0.0074252830889177,0.0233896417300909,0.0738815667347317,0.2090217189530351,0.162799331724522,0.2539446816409875,0.3499164655652497,8867308.0,0.8472063207364522,3559.952,-0.0037098316134968,False,False,True
2025-08-04,5384,0.4530089153046062,0.513744427934621,0.4903417533432392,0.0044576523031203,0.0148588410104011,0.0494056463595839,0.1547176820208023,0.1285289747399702,0.2293833580980683,0.3359955423476969,8854769.5,0.869461298980519,3583.309,0.0065610435196878,True,False,False
2025-08-05,5386,0.2378388414407723,0.1704418863720757,0.6097289268473821,0.0037133308577794,0.0094689936873375,0.0289639806906795,0.0984032677311548,0.0822502784998143,0.1659858893427404,0.2586334942443372,9477534.5,0.9506493370234276,3617.598,0.009569088236599,True,True,False
2025-08-06,5388,0.1820712694877505,0.1716778025241277,0.6492204899777283,0.0031551596139569,0.0079806978470675,0.0261692650334075,0.085931700074239,0.0664439495174461,0.1323311061618411,0.201373422420193,10147658.0,1.039704686868621,3633.995,0.0045325655310513,True,True,False
2025-08-07,5388,0.2982553823311061,0.2602078693392725,0.6462509279881218,0.0035263548626577,0.0083518930957683,0.0237564959168522,0.0920564216778025,0.0634743875278396,0.1193392724573125,0.1781737193763919,10348096.5,1.07078713399377,3639.667,0.0015608166769629,True,True,False
2025-08-08,5390,0.4608534322820037,0.4463821892393321,0.6142857142857143,0.0051948051948051,0.0087198515769944,0.0302411873840445,0.1148423005565862,0.0699443413729128,0.1144712430426716,0.1790352504638219,9914055.5,1.039310128794167,3635.128,-0.0012470921103495,False,False,False
2025-08-11,5391,0.2654424040066778,0.3364867371545167,0.7816731589686514,0.0035243925060285,0.0076052680393248,0.0244852531997774,0.074383231311445,0.0478575403450194,0.0821739936931923,0.127434613244296,10950587.0,1.1233188408693149,3647.547,0.0034163858879245,True,True,False
2025-08-12,5393,0.3784535508993139,0.3467457815687002,0.7478212497682181,0.0040793621361023,0.0077878731689226,0.0259595772297422,0.080845540515483,0.0441312812905618,0.0782495827925088,0.1162618208789171,10315800.0,1.0145770781409549,3665.918,0.0050365355127706,True,True,False
2025-08-13,5390,0.3905380333951762,0.3133580705009276,0.7489795918367347,0.0038961038961038,0.0092764378478664,0.0285714285714285,0.0827458256029684,0.0443413729128014,0.0725417439703154,0.1012987012987013,11245838.0,1.088106193263409,3683.465,0.0047865227754684,True,True,False
2025-08-14,5392,0.7494436201780416,0.7318249258160238,0.381120178041543,0.0072329376854599,0.0233679525222551,0.0730712166172106,0.2062314540059347,0.0734421364985163,0.1129451038575667,0.1591246290801187,12557402.5,1.1897253187849095,3666.443,-0.0046211922741222,False,False,False
2025-08-15,5391,0.5349656835466519,0.5596364310888517,0.5427564459283992,0.0055648302726766,0.0153960304210721,0.0417362270450751,0.1192728621777035,0.0586162122055277,0.1081432016323502,0.1660174364681877,11206300.0,1.0190568718359592,3696.771,0.0082717773056884,True,True,False
2025-08-18,5389,0.277602523659306,0.4074967526442754,0.6977175728335498,0.0044535164223418,0.0116904806086472,0.0261644089812581,0.0742252737056967,0.0315457413249211,0.0721840786787901,0.1293375394321766,14319357.0,1.2722453130603668,3728.027,0.0084549462219867,True,True,False
2025-08-19,5392,0.2292284866468842,0.1298219584569733,0.7423961424332344,0.0048219584569732,0.0105712166172106,0.023553412462908,0.063427299703264,0.0302299703264094,0.0604599406528189,0.1060830860534124,13288876.0,1.1140031349811104,3727.288,-0.0001982281780684,False,False,False
2025-08-20,5391,0.1708402893711741,0.1938415878315711,0.805230940456316,0.0038953811908736,0.0089037284362826,0.0168799851604526,0.0417362270450751,0.0231867928028195,0.0489705063995548,0.0864403635689111,12790879.0,1.0213457206363303,3766.21,0.0104424450163229,True,True,False
2025-08-21,5393,0.3306137585759318,0.3474874837752642,0.770443167068422,0.0031522343778972,0.0057481921008715,0.0133506397181531,0.0339328759503059,0.0222510661969219,0.046541813461895,0.0819580938253291,12943988.0,1.0086829965976631,3771.099,0.0012981219847008,True,True,False
2025-08-22,5394,0.3845012977382276,0.3624397478680015,0.7576937337782722,0.003707823507601,0.0066740823136818,0.0137189469781238,0.0372636262513904,0.0272525027808676,0.0506117908787541,0.0841675936225435,12779551.5,0.9899047473717804,3825.759,0.0144944484353235,True,True,False
2025-08-25,5394,0.3401928068223953,0.3887652947719688,0.8057100482017056,0.0027808676307007,0.0057471264367816,0.0111234705228031,0.028921023359288,0.0220615498702261,0.0441230997404523,0.0741564701520207,15482315.5,1.1707270616635812,3883.562,0.0151088973455986,True,True,False
2025-08-26,5395,0.3449490268767377,0.3139944392956441,0.7877664504170528,0.0027803521779425,0.0061167747914735,0.0111214087117701,0.0324374420759962,0.0240963855421686,0.0468952734012974,0.0746987951807229,13620300.0,1.012125772509159,3868.382,-0.0039087827103055,False,False,False
2025-08-27,5396,0.7926241660489252,0.7373980726464048,0.3545218680504077,0.0055596738324684,0.0122312824314306,0.0539288361749444,0.1914381022979985,0.061527057079318,0.1010007412898443,0.1436249073387694,16451554.0,1.216524374612468,3800.35,-0.017586680943092,False,False,False
2025-08-28,5397,0.7165091717620901,0.7480081526774134,0.3892903464887901,0.005929219937002,0.0203816935334445,0.0870854178247174,0.2217898832684824,0.0472484713729849,0.097461552714471,0.1556420233463035,15728591.0,1.103331688171964,3843.597,0.0113797413396135,True,False,False
2025-08-29,5394,0.7159807193177605,0.7636262513904338,0.3457545420837968,0.0076010381905821,0.0313311086392287,0.1121616611049314,0.2601038190582128,0.0448646644419725,0.1106785317018909,0.1992955135335558,12508439.5,0.8444537553729081,3857.927,0.0037282784849712,True,False,False
2025-09-01,5394,0.5791620318872822,0.4529106414534668,0.3972932888394512,0.0092695587690025,0.0259547645532072,0.0886169818316648,0.2161661104931405,0.0482017055988134,0.1240266963292547,0.2298850574712643,12788436.5,0.8665285630264855,3875.53,0.0045628131377291,True,False,False
2025-09-02,5395,0.6552363299351252,0.6265060240963856,0.2895273401297498,0.0092678405931417,0.0443002780352177,0.1458758109360519,0.3162187210379981,0.0850787766450417,0.1977757182576459,0.3253012048192771,13327264.0,0.9372550057125218,3858.133,-0.0044889344167121,False,False,False
2025-09-03,5397,0.8321289605336298,0.7867333703909579,0.1939966648137854,0.0283490828237909,0.1328515842134519,0.3035019455252918,0.493792847878451,0.2447656105243653,0.3987400407633871,0.5139892532888641,10717600.0,0.7568468490289818,3813.557,-0.0115537748439465,False,False,True
2025-09-04,5396,0.8178280207561156,0.8441438102297999,0.176056338028169,0.020941438102298,0.1085989621942179,0.2976278724981467,0.5185322461082283,0.3421052631578947,0.4883246849518161,0.5871015567086731,11585549.5,0.8902328697236841,3765.876,-0.0125030253907308,False,False,True
2025-09-05,5397,0.4980544747081712,0.6077450435427089,0.3225866221975171,0.0090791180285343,0.0374282008523253,0.1454511765795812,0.3342597739484899,0.2462479155086159,0.4115249212525477,0.5347415230683713,10431080.0,0.8560269204163431,3812.514,0.0123843695331444,True,False,False
2025-09-08,5399,0.2039266530839044,0.1829968512687534,0.5313947027227265,0.0072235599185034,0.0216706797555102,0.0798295980737173,0.2239303574736062,0.1350250046304871,0.2709761066864234,0.3948879422115206,11105787.0,0.943568412060983,3826.841,0.0037578878398871,True,False,False
2025-09-09,5400,0.3975925925925926,0.2061111111111111,0.4637037037037037,0.0092592592592592,0.0374074074074074,0.1346296296296296,0.3124074074074074,0.1492592592592592,0.2537037037037037,0.347962962962963,9812399.0,0.8582181025735517,3807.292,-0.0051083909679027,False,False,False
2025-09-10,5402,0.4783413550536838,0.4907441688263606,0.4557571269900037,0.0079600148093298,0.0351721584598296,0.1290262865605331,0.310625694187338,0.1617919289152166,0.2478711588300629,0.3230285079600148,8404133.5,0.7832017833381612,3812.221,0.0012946209536857,True,False,False
2025-09-11,5400,0.2768518518518518,0.482962962962963,0.6681481481481482,0.0046296296296296,0.0162962962962962,0.0587037037037037,0.1924074074074074,0.0811111111111111,0.1544444444444444,0.2316666666666666,10636402.5,1.0358999071056167,3875.309,0.0165488831838449,True,False,False
2025-09-12,5403,0.4845456228021469,0.3810845826392744,0.6111419581713863,0.0074032944660373,0.0190634832500462,0.073477697575421,0.2285767166389043,0.0570053673884878,0.1090135110124005,0.181195632056265,10647087.0,1.0564723989191305,3870.598,-0.0012156449975989,False,False,False
2025-09-15,5401,0.5400851694130716,0.4314015922977226,0.5598963154971301,0.008887243103129,0.026846880207369,0.0996111831142381,0.2658766895019441,0.0594334382521755,0.1084984262173671,0.1633030920199963,9450421.0,0.9337288729046896,3860.504,-0.0026078657613113,False,False,False
2025-09-16,5401,0.3773375300870209,0.4771338640992408,0.691908905758193,0.0083317904091834,0.0207369005739677,0.0659137196815404,0.1868172560636919,0.0431401592297722,0.0864654693575263,0.1301610812812442,9916050.0,1.012866216552933,3861.865,0.0003525446418395,True,False,False
2025-09-17,5400,0.4303703703703703,0.417962962962963,0.6542592592592592,0.0077777777777777,0.0207407407407407,0.0685185185185185,0.1925925925925926,0.0462962962962962,0.0859259259259259,0.1287037037037037,9864232.0,1.0054443162277138,3876.341,0.0037484479649081,True,True,True
2025-09-18,5399,0.7125393591405816,0.6141878125578811,0.3861826264122985,0.0137062418966475,0.0474161881829968,0.160400074087794,0.3528431190961289,0.0761252083719207,0.1279866641970735,0.1828116317836636,13559946.0,1.3421917018667575,3831.656,-0.0115276236017419,False,False,True
2025-09-19,5401,0.7598592853175338,0.7572671727457878,0.3212368079985188,0.0135160155526754,0.0588779855582299,0.1982966117385669,0.3878911312719866,0.1079429735234216,0.1847805961858915,0.2660618403999259,9829810.0,0.9197442421587622,3820.089,-0.0030187991823901,False,False,True
2025-09-22,5397,0.7420789327404114,0.7808041504539559,0.3188808597368908,0.0239021678710394,0.090976468408375,0.2447656105243653,0.4285714285714285,0.1556420233463035,0.2607003891050584,0.3690939410783769,8707233.0,0.8273619392031528,3828.576,0.00222167598713,True,False,True
2025-09-23,5403,0.7888210253562835,0.7521747177493985,0.2489357764205071,0.0459004256894318,0.175458078845086,0.365352581898945,0.5347029428095502,0.1682398667406996,0.3000185082361651,0.4308717379233759,10907100.0,1.0512407254421692,3821.833,-0.0017612292403232,False,False,True
2025-09-24,5401,0.5374930568413256,0.5687835586002592,0.3428994630623958,0.0148120718385484,0.0668394741714497,0.2151453434549157,0.416774671357156,0.1134975004628772,0.2368079985187928,0.3680799851879281,9174500.0,0.8676746136878454,3853.642,0.0083229696326343,True,False,False
2025-09-25,5405,0.6197964847363552,0.6279370952821461,0.3123034227567067,0.0266419981498612,0.1104532839962997,0.2825161887141535,0.4736355226641998,0.1565217391304348,0.2828862164662349,0.3966697502312673,8927355.0,0.8554615189000223,3853.302,-8.822822670073727e-05,False,False,False
2025-09-26,5405,0.6828862164662349,0.5100832562442184,0.2414431082331175,0.0264569842738205,0.112118408880666,0.3013876040703053,0.5163737280296022,0.2098057354301572,0.3359851988899167,0.4394079555966697,8457218.0,0.8893722243457799,3828.106,-0.0065388074954934,False,False,True
2025-09-29,5400,0.5024074074074074,0.6318518518518519,0.342037037037037,0.0216666666666666,0.0866666666666666,0.2374074074074074,0.4372222222222222,0.1998148148148148,0.3144444444444444,0.4155555555555555,8602792.0,0.9315743352353084,3862.532,0.0089929589201551,True,False,False
2025-09-30,5403,0.5015732000740329,0.4721451045715343,0.4044049602072922,0.022394965759763,0.0790301684249491,0.2295021284471589,0.4232833610956876,0.1974828798815472,0.3042754025541366,0.4012585600592263,7920664.0,0.8596529138434085,3882.777,0.0052413805244848,True,True,False
2025-10-09,5400,0.3888888888888889,0.3183333333333333,0.5146296296296297,0.0198148148148148,0.067037037037037,0.1953703703703703,0.3727777777777777,0.1577777777777777,0.244074074074074,0.3216666666666666,10055178.0,1.166967008830888,3933.972,0.0131851507310361,True,True,False
2025-10-10,5402,0.4146612365790448,0.4187338022954461,0.5342465753424658,0.0120325805257312,0.0475749722325064,0.1532765642354683,0.353387634209552,0.1516105146242132,0.2182524990744168,0.285264716771566,10119749.0,1.1509338934259277,3897.028,-0.0093910175263068,False,False,False
2025-10-13,5404,0.5730940044411547,0.5253515914137675,0.4694670614359733,0.0188749074759437,0.0743893412287194,0.2220577350111028,0.4137675795706884,0.096039970392302,0.1754256106587712,0.2525906735751295,10131647.0,1.1218593901562732,3889.502,-0.0019312152748196,False,False,False
2025-10-14,5405,0.6401480111008325,0.6271970397779834,0.4308973172987974,0.0234967622571692,0.1026827012025902,0.2691951896392229,0.4675300647548566,0.1089731729879741,0.1909343200740055,0.2632747456059204,10457257.0,1.116511883507228,3865.229,-0.0062406446892173,False,False,True
2025-10-15,5405,0.4658649398704902,0.5287696577243294,0.5509713228492137,0.0083256244218316,0.0357076780758556,0.140795559666975,0.3413506012950971,0.0854764107308048,0.157631822386679,0.2279370952821461,8892669.0,0.9132958039310052,3912.21,0.0121547778928494,True,False,False
2025-10-16,5409,0.6638935108153078,0.6102791643557035,0.4119060824551673,0.0134960251432797,0.067110371602884,0.2225919763357367,0.4329820669254945,0.1135145128489554,0.188944352005916,0.2621556664817896,8094400.0,0.8150393201292883,3916.228,0.0010270409819512,True,False,False
2025-10-17,5412,0.8398004434589801,0.765890613451589,0.2254249815225425,0.0408351810790835,0.1703621581670362,0.3858093126385809,0.6014412416851441,0.2121212121212121,0.2963784183296378,0.3627124907612712,8715025.0,0.9136065704173636,3839.755,-0.0195272083239279,False,False,True
2025-10-20,5411,0.6560709665496212,0.7726852707447791,0.3163925337275919,0.0166327850674551,0.0800221770467566,0.2591018296063574,0.4941785252263906,0.2409905747551284,0.3247089262613195,0.4004805026797264,7575731.0,0.8182725937340992,3863.893,0.0062863385814979,True,False,False
2025-10-21,5410,0.3347504621072089,0.4462107208872458,0.5075785582255083,0.0064695009242144,0.0292051756007393,0.1192236598890942,0.3258780036968576,0.1842883548983364,0.2704251386321626,0.3541589648798521,8210342.0,0.9386448618068212,3916.332,0.0135715455888658,True,False,False
2025-10-22,5410,0.33271719038817,0.188354898336414,0.5068391866913123,0.0064695009242144,0.0316081330868761,0.1299445471349353,0.3362292051756007,0.1726432532347504,0.2517560073937153,0.32181146025878,7718598.5,0.930216861593331,3913.758,-0.0006572476490757,False,False,False
2025-10-23,5412,0.2900960827790096,0.2686622320768662,0.5493348115299335,0.0075757575757575,0.0277161862527716,0.1199186991869918,0.315410199556541,0.1406134515890613,0.2141537324464153,0.2856614929785661,7979425.5,0.9896569925609024,3922.41,0.002210662999603,True,True,False
2025-10-24,5413,0.3329022723074081,0.4049510437834842,0.6368002955847035,0.0062811749491963,0.0229078145205985,0.0849806022538333,0.2651025309440236,0.0940328837982634,0.1675595787917975,0.2373914649916866,8713756.0,1.0838241690950363,3950.312,0.0071134838020503,True,True,False
2025-10-27,5412,0.3532889874353289,0.3331485587583148,0.7078713968957872,0.0051736881005173,0.0182926829268292,0.0685513673318551,0.2198817442719881,0.0485957132298595,0.0990391722099039,0.1620473022912047,9659010.0,1.201433569101315,3996.945,0.0118048903479017,True,True,False
2025-10-28,5413,0.4119711804914095,0.3994088305930168,0.6547201182338814,0.0066506558285608,0.0245704784777387,0.0859043044522445,0.2394236098281913,0.0585627193792721,0.1003140587474598,0.155181969333087,8993000.0,1.0634767299986196,3988.224,-0.00218191643868,False,False,False
2025-10-29,5413,0.4417143912802512,0.4134491040088675,0.676150009237022,0.0066506558285608,0.0238315167190097,0.0853500831331978,0.2288934047663033,0.0471088121189728,0.0859043044522445,0.1326436356918529,9423679.0,1.094153463965898,4016.331,0.0070474978336221,True,True,False
2025-10-30,5412,0.6633407243163341,0.6467110125646711,0.4887287509238728,0.0138580931263858,0.0461936437546193,0.1559497413155949,0.3405395417590539,0.0768662232076866,0.1243532889874353,0.1781226903178122,10097279.0,1.1277120560814686,3986.901,-0.0073275833092442,False,False,False
2025-10-31,5413,0.5050803620912617,0.5263255126547202,0.569739515980048,0.0070201367079253,0.0201367079253648,0.0835026787363753,0.233881396637724,0.0716792905967116,0.1224829115093294,0.1797524478108257,9953073.0,1.0613956522106345,3954.79,-0.0080541252466513,False,False,True
2025-11-03,5415,0.3691597414589104,0.4367497691597414,0.6193905817174515,0.0079409048938134,0.0212373037857802,0.0703601108033241,0.1990766389658356,0.0635272391505078,0.1119113573407202,0.1698984302862419,9688111.0,1.006535214479828,3976.521,0.005494855605481,True,False,False
2025-11-04,5415,0.5181902123730379,0.4024007386888273,0.5168975069252078,0.0094182825484764,0.0354570637119113,0.1220683287165281,0.2803324099722992,0.089196675900277,0.1455216989843028,0.2096029547553093,8954402.0,0.9297451557717346,3960.186,-0.0041078621237006,False,False,True
2025-11-05,5415,0.424376731301939,0.4470914127423823,0.5665743305632502,0.008494921514312,0.0328716528162511,0.1100646352723915,0.2528162511542013,0.0928901200369344,0.1606648199445983,0.2249307479224376,8609888.0,0.8946910235282067,3969.248,0.0022882763587366,True,False,True
2025-11-06,5415,0.4321329639889196,0.4978762696214219,0.5693444136657433,0.0075715604801477,0.0267774699907663,0.0845798707294552,0.2262234533702677,0.0879039704524469,0.1514312096029547,0.2190212373037857,8723915.0,0.9221360752512652,4007.76,0.0097025935391288,True,False,False
2025-11-07,5417,0.508214879084364,0.4282813365331364,0.5270444895698726,0.0086763891452833,0.0326749123130884,0.1083625623038582,0.2685988554550489,0.1102086025475355,0.1774044674173897,0.242385083994831,8514563.0,0.9269188187981338,3997.556,-0.0025460606423538,False,False,False
2025-11-10,5420,0.4018450184501845,0.4188191881918819,0.5983394833948339,0.005350553505535,0.0234317343173431,0.0865313653136531,0.2249077490774907,0.1171586715867158,0.1791512915129151,0.2400369003690037,9507130.0,1.0684358472665825,4018.597,0.0052634659777124,True,True,False
2025-11-11,5421,0.422062350119904,0.4377421140011068,0.6054233536247925,0.0066408411732152,0.0276701715550636,0.1005349566500645,0.2298468917173953,0.140011068068622,0.2016233167312304,0.251614093340712,8959600.0,1.011015642599764,4002.758,-0.0039414253282925,False,False,False
2025-11-12,5423,0.5399225520929375,0.4829430204683754,0.5404757514290983,0.0099575880508943,0.0420431495482205,0.1379310344827586,0.2825004609994468,0.172966992439609,0.2275493269408076,0.2797344643186428,9053401.0,1.0214804679651377,4000.14,-0.0006540490331915,False,False,True
2025-11-13,5422,0.3965326447805238,0.4441165621541866,0.6067871634083364,0.0066396163777203,0.0265584655108815,0.0935079306528956,0.2272224271486536,0.1471781630394688,0.2100700848395426,0.2576540022132054,9077055.0,1.0140010159833162,4029.501,0.0073399931002415,True,True,False
2025-11-14,5420,0.5343173431734317,0.5383763837638377,0.5476014760147602,0.0070110701107011,0.038560885608856,0.1339483394833948,0.2745387453874539,0.1673431734317343,0.2273062730627306,0.2828413284132841,9444029.0,1.0467371814823672,3990.492,-0.009680851301439,False,False,True
2025-11-17,5419,0.5368149105000922,0.4713046687580734,0.5111644214799779,0.0068278280125484,0.038198929691825,0.132681306514117,0.284369809928031,0.1681121978224764,0.2279018269053331,0.2790182690533309,8889924.0,0.9654310816949552,3972.035,-0.0046252442054764,False,False,True
2025-11-18,5422,0.7211361121357432,0.7187384728882331,0.3487642936185909,0.0101438583548506,0.0558834378458133,0.1855403909996311,0.3596458871265215,0.1942087790483216,0.2571007008483954,0.316672814459609,8851851.5,0.974358240814896,3939.813,-0.0081122145197611,False,False,True
2025-11-19,5424,0.8325958702064897,0.7900073746312685,0.2201327433628318,0.0230457227138643,0.1058259587020648,0.2713864306784661,0.4723451327433628,0.2470501474926253,0.3244837758112094,0.4032079646017699,8419857.0,0.9290105700579596,3946.742,0.0017587129135316,True,False,True
2025-11-20,5423,0.8510049787940255,0.8563525723769132,0.1713073944311267,0.0378019546376544,0.1390374331550802,0.32638760833487,0.5246173704591555,0.3276784067859118,0.4255946892863728,0.5141065830721003,7818200.0,0.8748572840239021,3931.051,-0.0039756842479189,False,False,True
2025-11-21,5426,0.9295982307408772,0.9176188720973092,0.0871728713601179,0.1553630667158127,0.4012163656468853,0.6150018429782529,0.7624401032067821,0.4686693697014375,0.5923332104681165,0.69498709915223,10702826.5,1.2323669671800146,3834.891,-0.0244616516041129,False,False,True
2025-11-24,5422,0.8107709332349686,0.8376982663223903,0.1409074142382884,0.0584655108815935,0.216709701217263,0.4662486167465879,0.6731833271855404,0.4806344522316488,0.6268904463297676,0.7294356326078938,8454579.0,0.9460693688797704,3836.766,0.0004889317584255,True,False,True
2025-11-25,5420,0.5319188191881918,0.6974169741697417,0.2252767527675276,0.0304428044280442,0.1350553505535055,0.3411439114391144,0.5686346863468634,0.3998154981549816,0.5522140221402214,0.670479704797048,8246346.5,0.9318471286189258,3870.023,0.0086679771453355,True,False,False
2025-11-26,5418,0.5439276485788114,0.2056109265411591,0.2172388335179033,0.0409745293466223,0.1592838685861941,0.3783684016242156,0.5961609449981543,0.3879660391288298,0.5322997416020672,0.6319675156884459,8052601.0,0.9225787363672298,3864.184,-0.0015087765628266,False,False,False
2025-11-27,5418,0.3610188261351052,0.3660022148394241,0.2532299741602067,0.0389442598744924,0.133813215208564,0.3401624215577704,0.5629383536360281,0.3517903285345146,0.4769287559985234,0.5775193798449613,7435609.0,0.8591202548065604,3875.259,0.0028660643489026,True,False,False
2025-11-28,5417,0.253461325456895,0.3658851762968432,0.4388037659220971,0.0273213956064242,0.0845486431604208,0.2303858224109285,0.4522798597009415,0.260291674358501,0.3669928004430496,0.4687096178696696,7284730.0,0.8491952408239101,3888.596,0.0034415764210855,True,False,False
2025-12-01,5417,0.2289089902159867,0.2036182388776075,0.6062396160236293,0.0099686173158574,0.0443049658482554,0.1582056488831456,0.3758537936127007,0.1537751522983201,0.2540151375299981,0.3477939819088056,8437144.0,1.068699998483807,3914.006,0.006534492140608,True,False,False
2025-12-02,5420,0.444280442804428,0.3429889298892989,0.5464944649446495,0.0166051660516605,0.0763837638376383,0.2234317343173431,0.4433579335793358,0.1387453874538745,0.2171586715867158,0.2988929889298893,7235785.5,0.9169336161820316,3897.712,-0.0041629982171718,False,False,False
2025-12-03,5426,0.6537043862882418,0.632878732030962,0.4666420936232952,0.0304091411721341,0.1126059712495392,0.2849244378916328,0.5038702543309989,0.1538886841135274,0.2248433468485071,0.2932178400294876,7714293.0,1.0032668138771057,3878.0,-0.0050573259389098,False,False,True
2025-12-04,5424,0.7734144542772862,0.797382005899705,0.3779498525073746,0.0488569321533923,0.1500737463126843,0.3574852507374631,0.5702433628318584,0.1978244837758112,0.2706489675516224,0.3419985250737463,7162528.0,0.9397777918694692,3875.793,-0.0005691077875192,False,False,True
2025-12-05,5422,0.533751383253412,0.585023976392475,0.533751383253412,0.0160457395794909,0.0647362596827738,0.1995573589081519,0.4371080781999262,0.1255994098118775,0.2126521578753227,0.2947251936554776,7325477.0,0.9680953594697832,3902.808,0.0069701864882876,True,False,False
2025-12-08,5424,0.3508480825958702,0.3696533923303834,0.5790929203539823,0.0130899705014749,0.051622418879056,0.165929203539823,0.3764749262536873,0.0742994100294985,0.1539454277286135,0.236910029498525,8202039.0,1.0827709219700397,3924.078,0.0054499222098549,True,True,False
2025-12-09,5424,0.5394542772861357,0.3670722713864306,0.4325221238938053,0.0271017699115044,0.0940265486725663,0.2464970501474926,0.4706858407079646,0.1109882005899705,0.191740412979351,0.2804203539823008,7683503.5,1.020653359988401,3909.522,-0.0037094063879464,False,False,False
2025-12-10,5421,0.5764619073971592,0.5947242206235012,0.4109942814978786,0.0239808153477218,0.0922339051835454,0.2523519645821804,0.4833056631617782,0.133923630326508,0.2185943552850027,0.3087991145545102,7394300.0,0.9706903703296068,3900.496,-0.0023087221404559,False,False,False
2025-12-11,5424,0.7739675516224189,0.7887168141592921,0.2759955752212389,0.0462758112094395,0.1688790560471976,0.3801622418879056,0.5894174041297935,0.2206858407079646,0.3207964601769911,0.4105825958702065,8155639.0,1.0797066208234398,3873.318,-0.0069678317834449,False,False,True
2025-12-12,5426,0.6811647622558054,0.6623663840766679,0.3306302985624769,0.0543678584592701,0.1728713601179506,0.3558791006266126,0.5602653888684114,0.2790269074824917,0.3743088831551788,0.449318098046443,8554945.5,1.1035518510204023,3889.346,0.0041380542470306,True,False,True
2025-12-15,5425,0.6674654377880185,0.7041474654377881,0.3207373271889401,0.0479262672811059,0.167926267281106,0.3699539170506912,0.5773271889400922,0.2929032258064516,0.3974193548387096,0.4864516129032258,7515188.0,0.9396233753643092,3867.921,-0.0055086382132112,False,False,True
2025-12-16,5427,0.7729869172655243,0.7044407591671273,0.2380689146858301,0.0919476690620969,0.273263313064308,0.474479454578957,0.640501197715128,0.369080523309379,0.4717154965911185,0.5415515017505067,7815400.0,0.9942352319290234,3824.812,-0.0111452638251918,False,False,True
2025-12-17,5428,0.6398305084745762,0.6654384672070744,0.3028739867354458,0.0585851142225497,0.2009948415622697,0.3901989683124539,0.5803242446573323,0.3141120117907148,0.4266764922623434,0.5165806927044952,8059601.0,1.0218719960817002,3870.278,0.011887120203555,True,False,False
2025-12-18,5431,0.5348922850303811,0.6011784201804455,0.316884551647947,0.0300128889707236,0.1268642975510955,0.3400846989504695,0.5645369176947155,0.2207696556803535,0.3642054870189652,0.4805744798379672,7077200.0,0.8824268688981772,3876.371,0.0015743055150043,True,False,False
2025-12-19,5430,0.2270718232044198,0.1753222836095764,0.5392265193370166,0.0119705340699815,0.0384898710865561,0.1685082872928177,0.4071823204419889,0.1062615101289134,0.2060773480662983,0.3233885819521178,7589490.0,0.9724546336406398,3890.448,0.0036314893491875,True,False,False
2025-12-22,5426,0.167711021009952,0.1975672687062292,0.6424622189458165,0.0106892738665683,0.0335422042019904,0.1420936232952451,0.3555105049760413,0.0667158127534095,0.1293770733505344,0.2071507556210836,7709724.0,1.012921211957502,3917.364,0.006918483424017,True,True,False
2025-12-23,5431,0.4647394586632296,0.3391640581844964,0.5186890075492543,0.0154667648683483,0.0626035720861719,0.204382250046032,0.434726569692506,0.075308414656601,0.1312833732277665,0.1940710734671331,7565400.0,0.9889045934640588,3919.979,0.0006675407238132,True,True,False
2025-12-24,5433,0.3235781336278299,0.4194735873366464,0.7207804159764403,0.0088348978464936,0.0309221424627277,0.1168783360942389,0.3252346769740475,0.0502484815019326,0.0890852199521443,0.1363887355052457,7201639.0,0.9475487952224936,3940.947,0.005349008247238,True,True,False
2025-12-25,5436,0.2634289919058131,0.3267108167770419,0.8055555555555556,0.0060706401766004,0.0211552612214863,0.0783664459161147,0.2301324503311258,0.032008830022075,0.0594186902133922,0.0934510669610007,7611608.5,1.0246231684490938,3959.621,0.0047384549957154,True,True,False
2025-12-26,5435,0.4016559337626495,0.2609015639374425,0.7376264949402024,0.0073597056117755,0.0255749770009199,0.0973321067157313,0.2829806807727691,0.0356945722171113,0.0601655933762649,0.0888684452621895,8242900.0,1.0938651600489588,3963.679,0.0010248455597139,True,True,False
2025-12-29,5437,0.5203237079271658,0.5096560603273864,0.6407945558212249,0.0128747471031819,0.0439580651094353,0.1401508184660658,0.3268346514622034,0.0511311384954938,0.0812948317086628,0.1180798234320397,8247501.0,1.0758188650225182,3965.28,0.0004039176734544,True,True,False
2025-12-30,5439,0.6493840779555066,0.6690568119139547,0.5181099466813752,0.0159955874241588,0.0577312005883434,0.1803640375068946,0.3734142305570877,0.0728075013789299,0.117852546423975,0.1678617392903107,8359250.0,1.0753093171292831,3965.116,-4.135899608603832e-05,False,False,False
2025-12-31,5440,0.638235294117647,0.621875,0.4900735294117647,0.0200367647058823,0.0602941176470588,0.165625,0.3613970588235294,0.0983455882352941,0.1527573529411764,0.2077205882352941,7975113.0,1.0053618496893262,3968.84,0.0009391906819371,True,True,True
2026-01-05,5440,0.3104779411764706,0.3431985294117647,0.6709558823529411,0.0082720588235294,0.0229779411764705,0.065625,0.2051470588235294,0.0691176470588235,0.1211397058823529,0.1680147058823529,10107998.0,1.249864586641643,4023.417,0.013751373197206,True,True,False
2026-01-06,5442,0.1668504226387357,0.175303197353914,0.7921719955898566,0.0069827269386255,0.0134141859610437,0.0325248070562293,0.1144799705990444,0.0417126056596839,0.0764424843807423,0.1223814773980154,10673654.5,1.2430663673583358,4083.667,0.0149748335805113,True,True,False
2026-01-07,5443,0.2676832629064854,0.2057688774572846,0.7394819033621165,0.0073488884806173,0.0146977769612346,0.0496049972441668,0.1589197133933492,0.0360095535550248,0.0685283850817563,0.1096821605732133,10677860.0,1.176921546635389,4085.772,0.0005154680829755,True,True,False
2026-01-08,5442,0.2017640573318632,0.2149944873208379,0.8028298419698641,0.0062477030503491,0.0124954061006982,0.0334435869165747,0.0992282249173098,0.0361999264976111,0.0665196618890113,0.0973906651966188,10650514.0,1.114213263580184,4082.979,-0.0006835917422705,False,False,False
2026-01-09,5442,0.177324513046674,0.2578096288129364,0.8513414185961043,0.0056964351341418,0.0110253583241455,0.0257258360896729,0.0782800441014333,0.0295847115031238,0.0542080117603822,0.0830576993752297,11937831.0,1.1917537935578677,4120.426,0.0091714897382524,True,True,False
2026-01-12,5443,0.155428991365056,0.1607569355135036,0.8807642844019842,0.0047767775124012,0.0097372772368179,0.0222303876538673,0.0591585522689693,0.0231489987139445,0.0426235531875803,0.0622818298732316,14370260.0,1.329401447596697,4165.287,0.0108874664901152,True,True,False
2026-01-13,5436,0.4063649742457689,0.3298381162619573,0.7880794701986755,0.0051508462104488,0.0097498160412067,0.0307211184694628,0.0844370860927152,0.0329286239882266,0.0529801324503311,0.0695364238410596,14589728.5,1.251046012690816,4138.759,-0.0063688288466077,False,False,False
2026-01-14,5437,0.4824351664520875,0.4408681258046717,0.7279749862056281,0.0064373735515909,0.0139782968548832,0.0421188155232665,0.1031819017840721,0.0382563913923119,0.0588559867574029,0.0853411807982343,15690240.0,1.26074239138539,4126.093,-0.0030603376519386,False,False,False
2026-01-15,5440,0.5650735294117647,0.6398897058823529,0.6709558823529411,0.0073529411764705,0.0167279411764705,0.0494485294117647,0.1147058823529411,0.0415441176470588,0.0683823529411764,0.0924632352941176,11053725.0,0.8219779528784917,4112.601,-0.0032699214486925,False,False,True
2026-01-16,5443,0.5790924122726437,0.5269153040602609,0.6007716332904648,0.0104721660848796,0.0242513319860371,0.0602608855410619,0.1385265478596362,0.048870108396105,0.0782656623185743,0.1124379937534447,11645632.0,0.8608312218610968,4101.913,-0.0025988419494135,False,False,True
2026-01-19,5445,0.4086317722681359,0.4319559228650138,0.6462809917355372,0.0099173553719008,0.020752984389348,0.0405876951331496,0.095684113865932,0.0431588613406795,0.0725436179981634,0.1160697887970615,11193500.0,0.8309999175867236,4114.0,0.0029466739055656,True,False,True
2026-01-20,5450,0.4689908256880734,0.4374311926605504,0.5715596330275229,0.0071559633027522,0.0144954128440366,0.0436697247706422,0.1135779816513761,0.0532110091743119,0.0976146788990825,0.1544954128440367,11278028.5,0.8787230741460808,4113.649,-8.531842489056807e-05,False,False,True
2026-01-21,5449,0.4110846026793907,0.3778674986236006,0.5909341163516242,0.0086254358597907,0.0214718296935217,0.0501009359515507,0.117452743622683,0.0833180400073407,0.1372728941090108,0.1985685446870985,10318768.0,0.8477306256848635,4116.94,0.0008000196419284,True,False,True
2026-01-22,5451,0.327095945698037,0.3823151715281599,0.6336452027150982,0.0088057237204182,0.0192625206384149,0.040359567051917,0.0937442671069528,0.0948449825720051,0.1575857640799853,0.219959640432948,10364386.0,0.9339025697826714,4122.576,0.0013689779302104,True,False,False
2026-01-23,5452,0.1870873074101247,0.1823184152604549,0.73991195891416,0.0089875275128393,0.0157740278796771,0.0317314746881878,0.0696991929567131,0.0763022743947175,0.1293103448275862,0.1909391049156273,11679058.0,1.0656013662111372,4136.164,0.0032959974540189,True,False,False
2026-01-26,5449,0.5235823086804918,0.4266837951917783,0.5812075610203707,0.0088089557717012,0.0194531106625068,0.0497338961277298,0.1202055423013397,0.1025876307579372,0.1620480822169205,0.2193062947329785,13549290.0,1.235488394230556,4132.605,-0.0008604591113892,False,False,True
2026-01-27,5449,0.6459900899247568,0.6061662690401909,0.4951367223343733,0.0133969535694622,0.0273444668746559,0.068085887318774,0.1646173609836667,0.1009359515507432,0.1653514406313085,0.2260965314736649,11983143.0,1.0476692932459029,4139.904,0.0017661983180103,True,True,False
2026-01-28,5450,0.7080733944954128,0.7343119266055046,0.3974311926605504,0.0161467889908256,0.036697247706422,0.0943119266055045,0.2236697247706422,0.1372477064220183,0.2066055045871559,0.2730275229357798,10783898.0,0.9313381228954768,4151.238,0.002737744643354,True,True,False
2026-01-29,5451,0.7327095945698037,0.7128967161988626,0.3432397725188039,0.0115575123830489,0.0368739680792515,0.1155751238304898,0.277747202348193,0.1528159970647587,0.2386718033388369,0.3252614199229499,11782462.0,1.0094677369815082,4157.985,0.0016252982845115,True,True,False
2026-01-30,5450,0.7108256880733945,0.6972477064220184,0.3086238532110091,0.0141284403669724,0.0394495412844036,0.1341284403669724,0.3022018348623853,0.1831192660550458,0.2785321100917431,0.3695412844036697,11385335.0,0.9523038056353014,4117.948,-0.009628942865354,False,False,True
2026-02-02,5452,0.8560161408657373,0.8134629493763756,0.1493030080704328,0.026595744680851,0.0898752751283932,0.2577035950110051,0.47505502567865,0.2903521643433602,0.3972853998532648,0.4908290535583272,10676733.0,0.8974438525853485,4015.746,-0.0248186718239279,False,False,True
2026-02-03,5453,0.5369521364386576,0.57197872730607,0.2835136622042912,0.0176049880799559,0.0449293966623876,0.1298367870896754,0.3062534384742343,0.2596735741793508,0.3812580231065468,0.4861544104162846,9234929.0,0.8156397037630346,4067.738,0.0129470340006563,True,False,False
2026-02-04,5455,0.3875343721356553,0.4784601283226398,0.3809349220898258,0.0117323556370302,0.0320806599450045,0.0995417048579285,0.2636113657195233,0.2177818515123739,0.3415215398716774,0.4511457378551787,9313657.0,0.8645633616931823,4102.202,0.0084725220749222,True,False,False
2026-02-05,5454,0.5205353868720205,0.2731939860652732,0.3316831683168317,0.0115511551155115,0.037037037037037,0.1281628162816281,0.3133480014668133,0.2568756875687569,0.3738540520718738,0.4642464246424642,8594475.0,0.820191244208495,4075.917,-0.0064075342949957,False,False,False
2026-02-06,5454,0.4534286762009534,0.5155848918225155,0.3817381738173817,0.0082508250825082,0.0326365969930326,0.1155115511551155,0.3023469013568023,0.2541254125412541,0.3509350935093509,0.4367436743674367,8942300.0,0.9086755976191018,4065.583,-0.002535380381887,False,False,False
2026-02-09,5453,0.2220795892169448,0.3526499174766184,0.6183752063084541,0.0053181734824867,0.015587749862461,0.0542820465798642,0.1789840454795525,0.1489088575096277,0.2450027507793875,0.3324775353016688,9090942.0,0.9720417994968316,4123.09,0.0141448348244273,True,False,False
2026-02-10,5458,0.3556247709783803,0.2729937706119457,0.6242213264932209,0.0049468669842433,0.0163063393184316,0.0564309270795163,0.1894466837669476,0.1165262000732869,0.1894466837669476,0.2598021253206303,8024725.5,0.8881565076274612,4128.373,0.0012813205629755,True,False,False
2026-02-11,5457,0.4262415246472421,0.3197727689206524,0.6094923950888766,0.0065970313358988,0.0201575957485798,0.0672530694520799,0.2182517866959868,0.1081180135605644,0.1676745464540956,0.2297965915338098,7346320.0,0.8354527787938067,4131.985,0.0008749209434322,True,False,False
2026-02-12,5463,0.5691012264323632,0.6280431997071206,0.5354200988467874,0.010067728354384,0.0280065897858319,0.0918909024345597,0.2546220025626945,0.1131246567819879,0.1605345048508145,0.2121544938678382,8216800.0,0.978219298723385,4134.018,0.0004920153388747,True,True,False
2026-02-13,5461,0.7249587987548068,0.700054934993591,0.4264786669108222,0.0115363486540926,0.0344259293169749,0.1256180186778978,0.3167917963742904,0.14191540010987,0.2023438930598791,0.2622230360739791,7586820.0,0.9114153973031098,4082.073,-0.0125652573355994,False,False,True
2026-02-24,5462,0.3943610399121201,0.4505675576711827,0.6074697912852435,0.0086049066276089,0.0225192237275723,0.0734163310142804,0.2114610032954961,0.1091175393628707,0.1653240571219333,0.2281215671915049,8582954.5,1.0657922521099428,4117.409,0.0086563861057848,True,False,False
2026-02-25,5459,0.2623191060633815,0.2822861329913904,0.7036087195457044,0.0064114306649569,0.0153874335958966,0.0479941381205348,0.1498442938267082,0.0800512914453196,0.1315259204982597,0.1835501007510533,8913807.0,1.1210186877383506,4147.231,0.0072429044576334,True,True,False
2026-02-26,5459,0.3333943945777615,0.2544422055321487,0.6321670635647555,0.0075105330646638,0.0252793551932588,0.0729071258472247,0.1971056970141051,0.0948891738413628,0.1448983330280271,0.193258838615131,9088300.0,1.117962794594784,4146.631,-0.0001446748444925,False,False,False
2026-02-27,5459,0.3077486719179337,0.3277156988459425,0.6691701776882213,0.0071441655980948,0.022714782927276,0.0659461439824143,0.1729254442205532,0.1016669719728888,0.1454478842278805,0.1943579410148379,8696640.0,1.0258210083746058,4162.882,0.0039190851561181,True,True,False
2026-03-02,5458,0.6775375595456211,0.6540857456943936,0.4082081348479296,0.0243679003297911,0.085562477097838,0.2145474532795896,0.3717478930010993,0.1405276658116526,0.1951264199340417,0.2555881275192378,11979544.5,1.39724255477297,4182.591,0.0047344604050754,True,True,False
2026-03-03,5460,0.8525641025641025,0.8311355311355312,0.2223443223443223,0.0747252747252747,0.2126373626373626,0.4014652014652015,0.5692307692307692,0.2243589743589743,0.3036630036630036,0.3873626373626374,12101353.0,1.280261739184786,4122.676,-0.0143248527049381,False,False,True
2026-03-04,5462,0.8771512266569023,0.8802636396924204,0.2032222629073599,0.1107652874404979,0.2660197729769315,0.4492859758330282,0.5919077261076529,0.294214573416331,0.4053460270963017,0.5179421457341633,9229090.0,0.908739130696356,4082.474,-0.0097514332923567,False,False,True
2026-03-05,5464,0.780380673499268,0.8160688140556369,0.2461566617862371,0.0545387994143484,0.1577598828696925,0.3376647144948755,0.5161054172767203,0.29502196193265,0.433199121522694,0.5420937042459737,8650873.5,0.8465491510874539,4108.567,0.0063914675267986,True,False,False
2026-03-06,5465,0.3059469350411711,0.24903934126258,0.3824336688014638,0.016651418115279,0.0651418115279048,0.1910338517840805,0.3849954254345837,0.1930466605672461,0.3160109789569991,0.4364135407136322,8563506.0,0.8452357332036573,4124.194,0.0038035159217313,True,False,False
2026-03-09,5469,0.4068385445236789,0.2857926494788809,0.306088864509051,0.033095629914061,0.1022124702870725,0.2569025415980984,0.4518193454013531,0.1813859937831413,0.2989577619308831,0.4211007496800146,9973015.0,0.9869510092031436,4096.602,-0.0066902769365361,False,False,True
2026-03-10,5467,0.1840131699286628,0.216572160234132,0.4957014816169746,0.0118895189317724,0.0358514724711907,0.1203585147247119,0.310956648984818,0.0958478141576733,0.1964514358880556,0.3104079019571977,8545936.0,0.8807004228084155,4123.138,0.0064775636002716,True,False,False
2026-03-11,5470,0.3175502742230347,0.4252285191956124,0.5186471663619744,0.0117001828153564,0.0382084095063985,0.1449725776965265,0.3323583180987203,0.0769652650822669,0.1628884826325411,0.2648994515539305,8497358.0,0.9449400082898116,4133.433,0.002496884654358,True,False,False
2026-03-12,5470,0.6120658135283363,0.4272394881170018,0.4524680073126143,0.0162705667276051,0.0595978062157221,0.2062157221206581,0.396709323583181,0.1100548446069469,0.1892138939670932,0.2793418647166362,8346693.0,0.9435409308629686,4129.103,-0.0010475553855596,False,False,False
2026-03-13,5469,0.6962881696836716,0.716035838361675,0.4229292375205705,0.0197476686780032,0.0835618943134028,0.2503199853720972,0.452733589321631,0.1561528615834704,0.2285609800694825,0.2987749131468276,8513701.0,0.969084658402621,4095.449,-0.0081504384850656,False,False,True
2026-03-16,5469,0.6842201499360029,0.7043335161821174,0.4662643993417443,0.018102029621503,0.0700310842932894,0.219052843298592,0.4271347595538489,0.1455476321082464,0.2132016822088133,0.2781130005485464,8477041.0,0.9660070630192976,4084.786,-0.0026036217274345,False,False,True
2026-03-17,5466,0.8175997072813758,0.7839370654957921,0.2628979143798024,0.0285400658616904,0.1183680936699597,0.3335162824734723,0.562019758507135,0.2151481888035126,0.3002195389681668,0.3770581778265642,8403770.0,0.991461237016475,4049.907,-0.0085387582115684,False,False,True
2026-03-18,5467,0.6539235412474849,0.6248399487836107,0.3138832997987927,0.0259740259740259,0.0854216206328882,0.2527894640570697,0.4739345161880373,0.203585147247119,0.2992500457289189,0.3958295225900859,7512730.0,0.8893212110459345,4062.984,0.0032289630354473,True,False,True
2026-03-19,5467,0.8666544722882751,0.8668373879641486,0.1434058898847631,0.0702396195353941,0.2182184013169928,0.4430217669654289,0.656118529357966,0.3175416133162612,0.4329614047923907,0.5344796049021401,8117080.0,0.9837946368025255,4006.552,-0.0138892990964275,False,False,True
2026-03-20,5469,0.9100383982446516,0.8703602121045895,0.0938014262205156,0.1464618760285244,0.3861766319253977,0.6081550557688792,0.7473029804351801,0.4821722435545804,0.6021210458950448,0.6953739257633936,9120147.0,1.1115536534644008,3957.053,-0.0123545133072028,False,False,True
2026-03-23,5471,0.9501005300676292,0.9495521842441966,0.0502650338146591,0.4536647779199415,0.6591116797660391,0.7819411442149515,0.8638274538475599,0.632608298300128,0.7455675379272528,0.8148418936209103,11876569.0,1.4264172354447078,3813.283,-0.0363325939783976,False,False,True
2026-03-24,5469,0.8579264947888097,0.887365149021759,0.0976412506856829,0.1228743828853538,0.3397330407752788,0.6211373194368257,0.7765587858840739,0.5383068202596453,0.6966538672517828,0.7924666300969099,9370823.0,1.040502043335447,3881.28,0.017831616483749,True,False,False
2026-03-25,5470,0.3824497257769653,0.5979890310786106,0.1846435100548446,0.0462522851919561,0.1842778793418647,0.449908592321755,0.6808043875685558,0.2919561243144424,0.4915904936014625,0.6482632541133455,8348762.5,0.9075264859285694,3931.838,0.0130261150960508,True,False,False
2026-03-26,5469,0.5132565368440299,0.1349424026330224,0.1592612909124154,0.0853903821539586,0.2691534101298226,0.5436094349972572,0.7277381605412324,0.2781130005485464,0.4514536478332419,0.5984640702139331,7519943.0,0.8028400639829947,3889.084,-0.0108737949020281,False,False,False
2026-03-27,5465,0.1989021043000915,0.2686184812442818,0.2775846294602013,0.043366880146386,0.1564501372369625,0.3972552607502287,0.634583714547118,0.2040256175663312,0.3370539798719121,0.469167429094236,7397600.0,0.7999784671092826,3913.724,0.0063356821297766,True,False,False
2026-03-30,5463,0.3629873695771554,0.5094270547318324,0.4102141680395387,0.0516199890170236,0.1521142229544206,0.3514552443712246,0.5941790225151016,0.157056562328391,0.2579168954786747,0.362255171151382,7626280.0,0.8566217173938426,3923.287,0.0024434528341803,True,False,False
2026-03-31,5468,0.6684345281638625,0.4647037307973665,0.3202267739575713,0.0627286027798098,0.1976956839795172,0.4381858083394294,0.6770299926847111,0.1953182150694952,0.2809070958302853,0.3650329188002926,7957358.5,0.9881625521098144,3891.861,-0.0080101200855302,False,False,True
2026-04-01,5471,0.3030524584171084,0.4063242551635898,0.6114055931273991,0.0190093218789983,0.0826174373971851,0.2701517090111497,0.5627855967830379,0.1431182599159203,0.2154999086090294,0.2922683238895997,7792460.0,1.002892050500768,3948.552,0.0145665531220153,True,False,False
2026-04-02,5471,0.702430999817218,0.7046243831109487,0.4244196673368671,0.0338146591116797,0.1500639736794004,0.4127216231036373,0.6516176201791263,0.1551818680314385,0.2154999086090294,0.2778285505392067,7472704.0,0.975710810892717,3919.285,-0.0074120842273319,False,False,False
2026-04-03,5472,0.8601973684210527,0.7688230994152047,0.2335526315789473,0.0800438596491228,0.2925804093567251,0.5765716374269005,0.7498172514619883,0.2183845029239766,0.2947733918128655,0.3695175438596491,7152686.5,0.9350796457261568,3880.097,-0.0099987625293898,False,False,True
2026-04-07,5471,0.703162127581795,0.819777006031804,0.3078047888868579,0.0520928532261012,0.1738256260281484,0.4187534271613964,0.6655090477060867,0.2209833668433558,0.3021385487113873,0.3865838055200146,6777867.0,0.8917896611893287,3890.165,0.0025947804913124,True,False,True
2026-04-08,5477,0.0962205587000182,0.1836771955450064,0.8150447325178017,0.0052948694540807,0.0142413730144239,0.0657294139127259,0.2766112835493883,0.0589738908161402,0.1031586635019171,0.1648712798977542,9485700.0,1.2765699399963546,3994.998,0.0269482142788288,True,True,False
2026-04-09,5478,0.2909821102592187,0.1177437020810514,0.588535962029938,0.0076670317634173,0.0304855786783497,0.151332603139832,0.4623950346841913,0.0553121577217962,0.0892661555312157,0.1381891201168309,8086260.0,1.045238324060901,3966.171,-0.0072157733245423,False,False,False
2026-04-10,5482,0.1689164538489602,0.1466618022619482,0.7137905873768697,0.0060197008391098,0.0167821962787303,0.0829989055089383,0.3381977380518059,0.0459686245895658,0.0778912805545421,0.1165632980663991,8184832.0,1.050004660012481,3986.225,0.0050562620724119,True,False,False
2026-04-13,5482,0.3657424297701568,0.6167457132433418,0.6608901860634805,0.0049252097774534,0.0204304998175848,0.0966800437796424,0.3664720904779278,0.0403137541043414,0.072053994892375,0.1125501641736592,7607307.5,0.9584046758682816,3988.558,0.0005852655080935,True,False,False
2026-04-14,5485,0.3722880583409298,0.2623518687329079,0.7312670920692799,0.0041932543299908,0.0167730173199635,0.0760255241567912,0.2887876025524157,0.0342752962625341,0.0628988149498632,0.1022789425706472,8198492.0,1.0211871408940567,4026.626,0.0095443014743674,True,True,False
2026-04-15,5483,0.4606966988874704,0.4729162867043589,0.6855735910997629,0.0051066934160131,0.0171438993251869,0.0955681196425314,0.331570308225424,0.0368411453583804,0.0662046325004559,0.1010395768739741,8225720.0,0.9895581222359536,4027.21,0.0001450345773359,True,True,False
2026-04-16,5487,0.2352833971204665,0.2436668489156187,0.8228540185893931,0.004191725897576,0.0112994350282485,0.0541279387643521,0.2095862948788044,0.0286130854747585,0.0519409513395298,0.0803717878622198,8197424.0,1.0169842219777745,4055.547,0.0070363849910981,True,True,False
2026-04-17,5487,0.3637689083287771,0.3863677783852743,0.7388372516858028,0.0045562238017131,0.0158556588299617,0.0734463276836158,0.2361946418808092,0.0373610351740477,0.0617823947512301,0.0887552396573719,8543776.0,1.0570375935304537,4051.425,-0.0010163857057999,False,False,False
2026-04-20,5483,0.3222688309319715,0.2635418566478205,0.7359109976290352,0.0049243115082983,0.0142257888017508,0.0612803209921575,0.1975196060550793,0.0377530548969542,0.0660222505927412,0.0957505015502462,8882700.0,1.089294522039424,4082.127,0.0075780743812361,True,True,False
2026-04-21,5488,0.4504373177842565,0.4775874635568513,0.628097667638484,0.0058309037900874,0.018039358600583,0.0792638483965014,0.2403425655976676,0.0470116618075801,0.0778061224489796,0.1120626822157434,8345415.5,0.9923650674256196,4085.077,0.0007226624747345,True,True,False
2026-04-22,5487,0.4760342628029889,0.4527063969382176,0.6355020958629488,0.0069254601786039,0.0242391106251139,0.0942227082194277,0.2491343174776745,0.0577729178057226,0.0949517040277018,0.1397849462365591,8421517.0,0.9979274694531304,4106.258,0.0051849695856405,True,True,False
2026-04-23,5484,0.687089715536105,0.6828956965718453,0.4359956236323851,0.012399708242159,0.0412107950401167,0.1402261123267688,0.3457330415754923,0.0764040846097738,0.1340262582056892,0.1839897884755652,9791922.0,1.154957501719269,4093.25,-0.0031678477095203,False,False,False
2026-04-24,5486,0.7074371126503828,0.6882974845060154,0.3882610280714546,0.0176813707619394,0.0592417061611374,0.1822821728034998,0.3873496172074371,0.0967918337586584,0.1584032081662413,0.2260298942763397,9073924.5,1.031471674402901,4079.9,-0.0032614670494105,False,False,True
2026-04-27,5485,0.5527803099361897,0.6187784867821331,0.4616226071103008,0.0185961713764813,0.059799453053783,0.1670009115770282,0.3372835004557885,0.0886052871467639,0.1531449407474931,0.2291704649042844,9801264.0,1.1008826839760613,4086.344,0.0015794504767272,True,False,True
2026-04-28,5480,0.6434306569343066,0.6003649635036497,0.3715328467153285,0.0315693430656934,0.097992700729927,0.2425182481751824,0.4171532846715328,0.1193430656934306,0.2124087591240876,0.3007299270072993,9682155.0,1.06551765600081,4078.637,-0.0018860379840757,False,False,True
2026-04-29,5455,0.4412465627864345,0.4241979835013749,0.4817598533455545,0.0223648029330889,0.0636113657195233,0.1572868927589367,0.3143904674610449,0.1092575618698441,0.1934005499541705,0.2791934005499542,9660509.0,1.0327504142142587,4107.514,0.0070800613047936,True,True,False
2026-04-30,5462,0.4112046869278652,0.461369461735628,0.5010984987184182,0.0270963017209813,0.0703039179787623,0.1655071402416697,0.3161845477846942,0.1208348590259978,0.1984621017942145,0.2803002563163676,9770526.5,1.0175559666500829,4112.159,0.0011308543318415,True,True,False
2026-05-06,5491,0.2822800947004188,0.2467674376252049,0.6089965397923875,0.0254962666181023,0.0639227827353851,0.137861955927882,0.2615188490256784,0.1090875978874521,0.1711892187215443,0.2351120014569295,11212128.0,1.168212829193501,4160.174,0.0116763481178623,True,True,False
2026-05-07,5494,0.2504550418638515,0.2781215871860211,0.6896614488532945,0.0231161266836548,0.0535129231889333,0.1219512195121951,0.2340735347651984,0.087368037859483,0.1385147433563887,0.1883873316345103,10479968.0,1.0453503388147396,4180.092,0.0047877805111036,True,True,False
2026-05-08,5492,0.2357975236707938,0.2234158776402039,0.7494537509104151,0.0180262199563,0.0406045156591405,0.0917698470502549,0.1899126001456664,0.0766569555717407,0.1139839766933721,0.1485797523670793,10492973.5,1.0326655179869912,4179.952,-3.349208581993057e-05,False,False,False
2026-05-11,5492,0.2387108521485797,0.2465404224326292,0.7634741442097597,0.0187545520757465,0.0386016023306627,0.0899490167516387,0.1849963583394027,0.0657319737800437,0.1010560815731973,0.1338310269482884,12177501.5,1.179622280681582,4225.021,0.0107821812307891,True,True,False
2026-05-12,5491,0.5620105627390275,0.5091968676015298,0.628482972136223,0.0222181751957749,0.060826807503187,0.1420506283008559,0.2611546166454198,0.0845019122199963,0.1191039883445638,0.1491531597158987,11050345.0,1.0206643911333542,4214.489,-0.0024927686749959,False,False,False
2026-05-13,5494,0.5305788132508191,0.5469603203494722,0.6463414634146342,0.0222060429559519,0.0562431743720422,0.1315981070258463,0.2453585729887149,0.0884601383327266,0.1177648343647615,0.1558063341827448,10383167.0,0.9368905076210032,4242.572,0.0066634412855273,True,True,False
2026-05-14,5494,0.7524572260647979,0.7551874772479068,0.4191845649799781,0.0387695668001456,0.0986530760829996,0.21605387695668,0.3596650891882053,0.120677102293411,0.1698216235893702,0.2169639606843829,11052377.5,1.0124199959493592,4177.918,-0.0152393406641067,False,False,True
2026-05-15,5496,0.7640101892285298,0.7241630276564774,0.3517103347889374,0.0500363901018922,0.132278020378457,0.263646288209607,0.4041120815138282,0.1637554585152838,0.2268922852983988,0.2878457059679767,10908054.5,0.9888300832445184,4135.389,-0.0101794721677159,False,False,True
2026-05-18,5500,0.7094545454545454,0.7618181818181818,0.3383636363636363,0.0705454545454545,0.1578181818181818,0.2761818181818182,0.4087272727272727,0.1883636363636363,0.2681818181818182,0.3529090909090909,10328391.5,0.9292894405634996,4131.528,-0.0009336485636538,False,False,True
2026-05-19,5494,0.5631598107025846,0.5333090644339279,0.3917000364033491,0.0476883873316345,0.1195850018201674,0.2269748816891154,0.3623953403713141,0.1738259919912632,0.2666545322169639,0.3542045868219876,9319933.0,0.8674169610515164,4169.538,0.0091999860584266,True,False,False
2026-05-20,5498,0.6480538377591851,0.5809385230993088,0.3139323390323754,0.0722080756638777,0.1675154601673335,0.2913786831575118,0.4356129501636959,0.2306293197526373,0.3419425245543834,0.4347035285558385,9654396.0,0.928451512281518,4162.185,-0.0017635047336177,False,False,False
2026-05-21,5501,0.8411197964006544,0.7907653153972005,0.1777858571168878,0.1257953099436466,0.2588620250863479,0.4271950554444646,0.5666242501363389,0.3746591528812943,0.4815488093073986,0.5609889111070714,11811620.0,1.152057513435211,4077.277,-0.0203998620916658,False,False,True
2026-05-22,5504,0.7142078488372093,0.7668968023255814,0.2628997093023256,0.0926598837209302,0.2098473837209302,0.3568313953488372,0.4987281976744186,0.3815406976744186,0.4876453488372093,0.5619549418604651,9585572.0,0.92129283936274,4112.9,0.008736958514224,True,False,False
2026-05-25,5504,0.6678779069767442,0.7096656976744186,0.2881540697674418,0.1097383720930232,0.2351017441860465,0.3829941860465116,0.514171511627907,0.3938953488372093,0.4956395348837209,0.5734011627906976,9956323.0,0.981887592015075,4152.569,0.009645019329427,True,False,False
2026-05-26,5504,0.7191133720930233,0.6002906976744186,0.2461845930232558,0.1424418604651162,0.2897892441860465,0.4356831395348837,0.5761264534883721,0.4320494186046512,0.5296148255813954,0.6031976744186046,10057382.5,0.9991867026928472,4145.373,-0.0017329031739149,False,False,False
2026-05-27,5506,0.8025790047221213,0.7884126407555394,0.1896113330911732,0.2166727206683618,0.3670541227751543,0.5161641845259717,0.6445695604794769,0.5003632401017072,0.5891754449691246,0.6480203414456956,10192547.0,0.9979916202772828,4093.727,-0.0124587099882205,False,False,True
2026-05-28,5506,0.7753359970940792,0.7978568833999273,0.2137667998547039,0.1865237922266618,0.3454413367235743,0.4960043588812204,0.6245913548855794,0.4832909553214675,0.5837268434435162,0.6496549219033781,9253010.0,0.896549647960031,4098.636,0.0011991517753873,True,False,True
2026-05-29,5506,0.780602978568834,0.7887758808572466,0.1805303305484925,0.2101343988376317,0.3873955684707592,0.5606610969851071,0.7001452960406829,0.5067199418815838,0.6078823102070469,0.6801670904467854,10861930.0,1.107346992882604,4068.569,-0.0073358551479079,False,False,True
2026-06-01,5504,0.5481468023255814,0.515625,0.2687136627906977,0.0821220930232558,0.2281976744186046,0.4414970930232558,0.6359011627906976,0.4084302325581395,0.5392441860465116,0.6362645348837209,9889625.0,0.9826501031349764,4057.74,-0.0026616237797614,False,False,True
2026-06-02,5503,0.6514628384517536,0.6445575140832274,0.2364165000908595,0.1239324005088133,0.3072869343994185,0.5086316554606578,0.6690895874977285,0.4319462111575504,0.5386153007450482,0.62311466472833,9254573.0,0.9207706785310515,4075.102,0.0042787364394958,True,False,True
2026-06-03,5507,0.732340657345197,0.6014163791538043,0.2168149627746504,0.1532594879244598,0.3546395496640639,0.551298347557654,0.6865807154530598,0.4490648265843472,0.5474850190666425,0.6268385690938805,9146240.0,0.9247652531961248,4083.974,0.002177123419242,True,False,False
2026-06-04,5507,0.760668240421282,0.7546758670782641,0.1795896132195387,0.2329762120936989,0.4419829308153259,0.6035954240058108,0.7172689304521518,0.4973669874704921,0.5950608316687852,0.6700562919920102,8837722.0,0.912886373906635,4057.781,-0.0064136059632113,False,False,True
2026-06-05,5510,0.6987295825771325,0.7079854809437387,0.2235934664246824,0.1528130671506352,0.3558983666061706,0.5486388384754991,0.6952813067150635,0.4620689655172413,0.567513611615245,0.6459165154264973,9514629.5,0.9913119041868852,4027.736,-0.0074042931345974,False,False,True
2026-06-08,5508,0.8159041394335512,0.7990196078431373,0.1815541031227305,0.2697893972403776,0.471677559912854,0.6274509803921569,0.7514524328249819,0.5034495279593318,0.6063907044299202,0.6679375453885258,9976618.0,1.069470555572153,3959.338,-0.0169817485555159,False,False,True
2026-06-09,5510,0.7116152450090744,0.6809437386569873,0.2335753176043557,0.2168784029038112,0.4232304900181488,0.5849364791288566,0.7112522686025409,0.4713248638838475,0.5809437386569873,0.6609800362976407,8401464.0,0.8989410554179232,4010.031,0.0128034029931265,True,False,False
2026-06-10,5508,0.7498184458968773,0.7861292665214233,0.1986201888162672,0.2450980392156862,0.4544299201161946,0.6229121278140886,0.7401960784313726,0.4765795206971677,0.5885984023238925,0.656318082788671,8839726.0,0.9634227294182522,3993.226,-0.0041907406700845,False,False,False
2026-06-11,5505,0.7836512261580382,0.6915531335149864,0.176566757493188,0.3077202543142597,0.5040871934604905,0.6512261580381471,0.7647593097184378,0.5077202543142597,0.6032697547683924,0.6735694822888283,8606383.0,0.9443002937042604,3987.015,-0.0015553840428766,False,False,False
2026-06-12,5506,0.539593171086088,0.6240464947330185,0.248092989466037,0.1416636396658191,0.3670541227751543,0.5731928804940065,0.7199418815837269,0.407737014166364,0.5503087540864512,0.6418452597166727,9989033.5,1.1015982980854122,4031.513,0.0111607305214553,True,False,False
2026-06-15,5502,0.3549618320610687,0.3769538349691021,0.4027626317702653,0.0917848055252635,0.272628135223555,0.4772809887313704,0.6359505634314795,0.2517266448564158,0.4071246819338422,0.5254452926208651,9739060.0,1.0629092479617976,4096.472,0.0161128092604438,True,True,False
2026-06-16,5507,0.3477392409660432,0.2360631923007081,0.4572362447793717,0.0900671872162702,0.2747412384238242,0.4657708371163973,0.6219357181768658,0.1881242055565643,0.3047031051389141,0.4156528055202469,9426998.0,1.034213948357727,4091.892,-0.0011180352264094,False,False,False
2026-06-17,5503,0.5193530801381064,0.4870070870434309,0.4148646192985644,0.1624568417226967,0.3410866799927312,0.5077230601490096,0.6380156278393604,0.2402326003997819,0.3390877703071052,0.421588224604761,9227956.0,0.9900985276119656,4108.076,0.0039551386009211,True,True,False
2026-06-18,5500,0.6254545454545455,0.6385454545454545,0.3950909090909091,0.1923636363636363,0.3750909090909091,0.5321818181818182,0.6592727272727272,0.2772727272727273,0.3661818181818181,0.4307272727272727,9373220.0,0.9973753565708784,4090.481,-0.0042830268962891,False,False,False
2026-06-22,5503,0.6163910594221333,0.6392876612756678,0.4237688533527167,0.1544612029801926,0.3369071415591496,0.4991822642195166,0.636198437216064,0.1646374704706523,0.282391422860258,0.3823369071415591,11632915.0,1.2179464192841285,4163.097,0.017752435471525,True,True,False
2026-06-23,5508,0.5502904865649964,0.5319535221496006,0.4491648511256354,0.0954974582425562,0.2601670297748729,0.4671387073347857,0.6203703703703703,0.113834422657952,0.1888162672476398,0.2797748729121278,10424485.5,1.0551066860142466,4106.252,-0.0136544980815963,False,False,True
2026-06-24,5507,0.7228981296531687,0.6617032867259851,0.3368440167060105,0.1863083348465589,0.3777011076811331,0.5380424913746141,0.6566188487379698,0.1596150354094788,0.2600326856727801,0.3584528781550753,9979170.0,0.9962119931358678,4110.813,0.001110745273305,True,False,True
2026-06-25,5506,0.7760624772974937,0.7729749364329822,0.2680711950599346,0.2747911369415183,0.4607700690156193,0.5986196876135126,0.6994188158372684,0.2611696331274973,0.3859426080639302,0.4765710134398838,10297644.5,1.01679529716039,4120.281,0.0023031940397191,True,False,False
2026-06-26,5508,0.8625635439360929,0.8458605664488017,0.1833696441539578,0.3810820624546114,0.5477487291212781,0.6621278140885984,0.7474582425562818,0.4095860566448802,0.5216049382716049,0.5958605664488017,10006464.0,0.9676039819031828,4027.265,-0.0225751593155904,False,False,True
2026-06-29,5505,0.8,0.8076294277929156,0.1923705722070844,0.3378746594005449,0.4999091734786557,0.6294277929155313,0.732425068119891,0.3892824704813805,0.5302452316076294,0.6136239782016348,10865356.0,1.0379456483550775,4073.902,0.0115803156732918,True,False,False
2026-06-30,5506,0.682164911006175,0.7232110424990918,0.2357428260079913,0.2973120232473665,0.4587722484562295,0.5929894660370505,0.6950599346167817,0.3730475844533236,0.5108972030512169,0.5989829277152198,9612155.5,0.9318958693986324,4094.397,0.0050308033919324,True,False,False
2026-07-01,5509,0.27101107278998,0.2457796333272826,0.3733889998184788,0.1034670539117807,0.2849882011254311,0.4748593211109094,0.6240697041205301,0.208204755854057,0.3519695044472681,0.4853875476493011,11329641.0,1.1159835179870132,4112.445,0.0044079750937682,True,False,False
2026-07-02,5515,0.3124206708975521,0.2455122393472348,0.3923844061650045,0.0895738893925657,0.2699909338168631,0.456029011786038,0.6130553037171351,0.156482320942883,0.2761559383499546,0.3958295557570263,10988361.0,1.054317319245067,4028.904,-0.0203141926518165,False,False,True
2026-07-03,5514,0.2738483859267319,0.275480594849474,0.5476967718534639,0.0339136742836416,0.1289445048966267,0.3416757344940152,0.5351831701124411,0.127493652520856,0.2083786724700761,0.2937976060935799,10209418.5,0.9667647864135392,4043.643,0.0036583150156965,True,False,True
2026-07-06,5515,0.4821396192203082,0.5109700815956483,0.4977334542157751,0.0491387126019945,0.1800543970988214,0.3764279238440616,0.5682683590208523,0.1523118766999093,0.2166817769718948,0.2955575702629193,10072132.0,0.95011271781275,4041.238,-0.0005947607145339,False,False,True
2026-07-07,5515,0.8340888485947416,0.7450589301903898,0.2890299184043517,0.1098821396192203,0.3133272892112421,0.4964641885766092,0.6786944696282865,0.2179510426110607,0.2906618313689936,0.3604714415231188,8633686.0,0.8267959745733658,3990.235,-0.012620637537309,False,False,True
2026-07-08,5516,0.8529731689630167,0.860768672951414,0.2519941986947063,0.1259970993473531,0.3390137781000725,0.543691080493111,0.7266134880348079,0.2755620014503263,0.3527918781725888,0.4260333575054387,8126261.0,0.7930653261358835,3970.88,-0.0048505915065152,False,False,True
2026-07-09,5518,0.8062703878216745,0.8405219282348677,0.2442914099311344,0.1272200072490032,0.3352664008698804,0.5304458137006162,0.7071402682131207,0.2500906125407756,0.3526640086988039,0.4385646973541138,8979226.0,0.9347545756354874,4036.588,0.0165474655491981,True,False,False
2026-07-10,5520,0.5393115942028985,0.5,0.3925724637681159,0.0536231884057971,0.1809782608695652,0.4094202898550724,0.6483695652173913,0.1923913043478261,0.2925724637681159,0.3914855072463768,10488691.0,1.1395617237525613,3996.162,-0.0100148937667159,False,False,False
2026-07-13,5523,0.7964874162592793,0.7508600398334239,0.1841390548614883,0.1435813869273945,0.3699076588810429,0.5953286257468767,0.7662502263262719,0.3190295129458627,0.4349085641861307,0.5281549882310339,9822032.0,1.060694692068656,3913.794,-0.0206117770000314,False,False,True
2026-07-14,5525,0.5933031674208145,0.592579185520362,0.2821719457013574,0.0752941176470588,0.2434389140271493,0.4751131221719457,0.6848868778280544,0.308235294117647,0.4329411764705882,0.5353846153846153,9072303.0,0.9850514103224034,3967.126,0.0136266752925677,True,False,False
2026-07-15,5285,0.5176915799432356,0.6340586565752129,0.3759697256385998,0.0688741721854304,0.2172185430463576,0.4253547776726584,0.6302743614001892,0.3078524124881741,0.4132450331125827,0.4980132450331125,2029700.0,0.2183012392760336,3955.578,-0.0029109234241615,False,False,False
2026-07-16,5525,0.4731221719457013,0.3554751131221719,0.423710407239819,0.0807239819004524,0.2331221719457013,0.4374660633484163,0.6086877828054299,0.3219909502262443,0.4123076923076923,0.4798190045248869,9032500.0,1.1181063990173092,3882.413,-0.0184966647099361,False,False,True
2026-07-17,5523,0.793047256925584,0.7334781821473837,0.2342929567264168,0.1645844649646931,0.3773311606011226,0.5772225239905848,0.7405395618323375,0.4082925946043816,0.4819844287524896,0.5401050153901865,10877168.0,1.344678850354304,3764.1547,-0.0304600000051514,False,False,True
2026-07-20,5526,0.7842924357582338,0.7985884907709012,0.2544335866811437,0.2709011943539631,0.4659790083242852,0.6201592471950779,0.7370611653999276,0.4439015562794064,0.5132102786825914,0.5694896851248643,115543.5,0.0141480555902559,3796.2814,0.0085349042641631,True,False,False
2026-07-21,5526,0.7683677162504524,0.8259138617444807,0.2437567861020629,0.1650380021715526,0.3863554107853782,0.5821570756424177,0.7365182772348896,0.3608396670285921,0.4683315237061165,0.5512124502352516,12255223.0,1.9685704610671155,3864.3671,0.0179348401306604,True,False,False
2026-07-22,5527,0.7646100958928894,0.6781255654061878,0.2279717749231047,0.1897955491224896,0.4098064049212954,0.5970689343224173,0.7380133888185272,0.3263976840962547,0.4687895784331464,0.575357336710693,9268879.0,1.3507494411017245,3867.0336,0.0006900224360155,True,False,False
2026-07-23,5526,0.3854505971769815,0.3233803836409699,0.3447339847991313,0.086681143684401,0.2830256967064785,0.4907709011943539,0.6592471950778139,0.1903727832066594,0.3398479913137893,0.4733984799131379,8242308.0,0.9918705395698054,3876.7774,0.0025197091641508,True,False,False
2026-07-24,5526,0.7716250452406804,0.7316322837495476,0.16757148027506333,0.11364458921462178,0.343467245747376,0.5750995294969237,0.7707202316322838,0.2162504524068042,0.35884907709011943,0.4952949692363373,7467455.5,0.916047160143037,3814.1978,-0.01614217004050844,False,False,True
